Bahan,Kalori
1000 Island Dressing,3.7
3 Musketeer,4
3 Musketeers,4
7up,0.44
Absinth,3.48
Absinthe,3.48
Acai,0.7
Acai Juice,0.58
Acar Herring,2.62
ACE Drink,0.44
Acerola,0.32
Acorn,3.87
Activia,0.74
Activia Lemon,1
Activia Strawberry,0.97
Adas,0.31
Adas manis,3.37
Adonan Pangsit,0.99
Adonan pizza,2.28
Advocaat,2.83
Advokat,2.83
After Eight,4.52
Agak,1.8
agar-agar,3.35
Agave Syrup,3.1
Air,0
Air kelapa,0.19
air lemon,0.42
Air Tonic,0.35
Airheads,3.75
Ajvar,0.18
Akar Chicory,0.72
akar manis,3.75
Aktivia Stroberi,0.97
Alaska panggang,2.47
Ale,0.35
Alfalfa Sprouts,0.23
All Purpose Flour,3.64
All-blue Potatoes,0.61
Alligator,2.32
Alligator Meat,2.32
Almond asap,5.75
Almond Butter,6.14
Almond Extract,2.58
Almond Magnum,3.15
Almond Milk,0.17
Almond Oil,8.82
Almond panggang,4.52
Almond Roca,5.71
Almonds,5.29
Aloe Vera,0.44
Aloe Vera Yogurt,0.85
Alphabet Soup,0.25
Alpukat,1.6
Altbier,0.43
Amaranth,3.71
Amaretto,3.1
American Cheese,1.48
Ampela Ayam,1.46
Anak anjing lumpur,0.5
Anak Sour Patch,3.63
Anchovy,1.31
Andewi,0.17
Andouille,2.32
Angel Delight,4.51
Angel Food Cake,2.58
Anggur,0.83
Anggur Cokelat,2.56
Anggur Concord,0.71
Anggur Ekor Kuning,0.71
Anggur Malbec,0.82
Anggur Manis,0.83
Anggur Marsala,1
Anggur merah,0.85
Anggur merah kering,0.85
Anggur merah manis,0.81
Anggur merah muda,0.71
Anggur Merlot,0.83
Anggur Moscato,0.76
Anggur Mulled,1.96
Anggur prem,1.63
Anggur putih,0.82
Anggur Putih Manis,0.82
Anggur Riesling,0.8
Anggur soda,1.9
Angsa,3.05
Animal Crackers,4.46
Anise,3.37
Anise Seed,3.37
Antelope Meat,1.5
apel,0.52
Apel Remuk,1.56
Apple,0.52
Apple Butter,1.73
Apple Cake,2.52
Apple Cobbler,1.98
Apple Crisp,1.56
Apple Crumble,1.56
Apple Juice,0.46
Apple Pie,2.37
Apple Pie Filling,1
Apple Spritzer,0.24
Apple Strudel,2.74
Apple Turnover,3.48
Applejack,2.33
Applesauce,0.62
Applesauce Cake,3.58
Applewood,4.1
Apricot,0.48
Apricot Jam,2.5
Apricot Kernel Oil,8.89
Apricot Nectar,0.56
Aprikot,0.48
Aprikot kering,2.41
Ararut,0.65
Arby�s Grand Turkey Club,2.1
Arby�s Reuben,2.08
Arby�s Roast Beef Classic,2.34
Arby�s Roast Beef Max,2.34
Argan Oil,8.96
Arrabiata Sauce,0.36
Arrowroot,0.65
Artichoke,0.47
Arugula,0.25
Asam jawa,2.39
Asiago Cheese,3.92
Asian Pear,0.42
Asparagus,0.2
Asti,1.38
Aubergine,0.25
Avocado,1.6
Avocado Oil,8.57
Ayam,2.19
Ayam Cornish,2.59
Ayam Fajita,1.47
Ayam Jeruk,2.59
Ayam Kebiri,2.29
Ayam Marsala,0.96
Ayam mentega,1.4
Ayam Mutiara,1.58
Ayam panggang,1.64
Ayam parmesan,1.1
Ayam tandoori,1.13
Ayam Tikka Masala,0.81
Ayran,0.42
Azuki Bean,1.24
Babassu Oil,8.84
Babat Daging Sapi,0.94
Babi,1.96
Babi Giling,2.63
Babi hutan,1.6
Babi Mahkota Panggang,2.12
Babi Maw,1.57
Babi panggang,2.47
Baby Back Ribs,2.59
Baby Ruth,4.69
Babybel,3.33
Bacon,4.07
Bacon ala Kanada,1.07
Bacon and Eggs,2.52
Bacon dan telur,2.52
Bagel,2.57
Baguette,2.74
Bahasa,3.57
Bahu Babi,2.69
Bahu Veal,1.83
Bailey,3.27
Bailey�s Irish Cream,3.27
Baileys,3.27
Baked Alaska,2.47
Baked Beans,0.94
Baked Chicken,1.64
Baked Ham,3.43
Baked Potato,0.93
Bakewell Tart,4.3
Baking Powder,0.53
Baking Soda,0
Balsamic Vinaigrette Dressing,2.9
Balsamic Vinegar,0.88
Bamboo Shoots,0.27
Banana,0.89
Banana Bread,3.26
Banana Juice,0.5
Banana Nut Bread,3.26
Bandeng,1.9
Banoffee Pie,3.95
Banteng,1.71
Bar Kacang,5.33
Bar Selai Kacang,3.79
Barbecue Sauce,1.5
Barley,3.54
Barley Groats,1
Barq�s,0.46
Basil,2.33
Baskin-Robbins,2.39
Bass,0.45
Bau,3.81
Bawang bombai,0.4
Bawang cincang,0.4
Bawang Hijau,0.32
Bawang Merah,0.72
Bawang perai,0.61
Bawang putih,1.49
bayam,3.71
Bayam krim,0.74
Bayangan,2.52
BBQ Chicken Pizza,2.34
BBQ Pizza,2.24
BBQ Rib,2.12
BBQ Ribs,2.55
Bean Burrito,2
Bean Sprouts,0.3
Bean Stew,1.33
Bear Meat,2.59
Beaver Meat,2.12
Bebek,3.37
Bebek liar,2.11
Bebek peking,2.25
Bechamel Sauce,2.25
Beck�s,0.39
Beechnut,5.76
Beef,1.71
Beef Bouillon,0.03
Beef Brain,1.96
Beef Brisket,1.37
Beef Fillet,1.89
Beef Goulash,1.23
Beef Heart,1.65
Beef Jerky,4.1
Beef Kidney,1.58
Beef Liver,1.91
Beef Lung,1.2
Beef Melt,2.71
Beef Minute Steak,1.33
Beef Neck,2.13
Beef Noodle Soup,0.34
Beef Pancreas,2.71
Beef Patty,2.47
Beef Pizza,3.04
Beef Prime Rib,4.04
Beef Ribs,1.96
Beef Salami,3.75
Beef Sausage,3.24
Beef Sirloin,1.82
Beef Soup,0.33
Beef Stew,0.95
Beef Suet,8.54
Beef Tallow,9.02
Beef Tenderloin,2.18
Beef Thymus,3.19
Beef Tongue,2.84
Beef Tripe,0.94
Beer,0.43
Beer Bread,2.27
Beetroot,0.43
Belimbing,0.31
Bell Pepper,0.2
Belut,2.36
Ben and Jerry�s,2.28
Ben dan Jerry,2.28
Bengal Gram,3.64
Benih lenan,5.34
Benih sawi,5.08
Beras Belanda,3.52
Beras merah,3.88
Bergk�se,4.18
Bernaise Sauce,4.14
Berry Campuran Yoplait,1
Berry K Merah Spesial,3.45
Beruang Gummi,3.16
Betis Babi,1.72
Bianca Pizza,2.46
Bibit Gandum,3.82
Big Mac McDonald,2.56
Big N 'Lezat,2.23
Big N� Tasty,2.23
Bihun,3.68
Biji Adas,3.37
Biji bunga matahari,1.17
Biji bunga poppy,5.25
Biji Chia,4.86
biji gandum,3.68
Biji jintan,3.33
Biji Kapas,5.06
Biji labu,5.6
Biji Lobak,0.43
Biji opium,5.25
Biji pohon ek,3.87
Biji Safflower,5.17
Biji teratai,0.89
Biji wijen,5.73
Biji Wijen Hitam,5.73
Bilah Bahu Babi,2.32
Bir,0.43
Bir Jahe,0.35
Bir Malt,0.37
Bir non-alkohol,0.37
Bircher Muesli Yoghurt,1.09
Bircher Muesli Yogurt,1.09
Birthday Cake,4.65
Biryani,1.76
Biscuit,2.69
Biskuit,2.69
Biskuit gurih,3.47
Biskuit selai kacang,4.75
Bison,1.71
Bison Meat,1.71
Bison Sirloin,1.71
Bitter Lemon,0.34
Black and White Cookie,3.81
Black Beans,3.41
Black Bread,2.5
Black Chickpeas,3.64
Black Forest Cake,2.64
Black Gram,3.41
Black Olives,1.15
Black Pepper,2.51
Black Pudding,2.53
Black Rice,3.23
Black Sesame Seeds,5.73
Blackberries,0.43
Blackberry,0.43
Blackberry Jam,2.5
Blackberry Juice,0.48
Blackcurrant Jam,2.5
Blewah,0.34
Blood Oranges,0.5
Blood Sausage,3.79
BLT,2.47
Bluberi,0.57
Blue Cheese,3.53
Blue Cheese Dressing,5.33
Blue Curacao,2.43
Blue Moon,0.48
Blueberries,0.57
Blueberry Cobbler,2.34
Blueberry Jam,2.5
Blueberry Muffin,3.77
Blueberry Pie,2.32
Blueberry Yogurt,1.05
Bluefish,1.59
BMT Italia,1.83
Bock Beer,0.5
Bockwurst,3.01
Boiled Ham,1.26
Boiled Potatoes,0.87
Bola goreng terbuat dari buncis,3.35
Bologna,2.47
Bolognese,1.06
Boudin,1.94
Bouillon,0.16
Bourbon,2.33
Boysenberry Juice,0.54
Bran Flakes,3.56
Bran Muffins,2.7
Brandy,2.13
Bratwurst,3.33
Brawn,3.09
Brazil Nuts,6.56
Bread Flour,3.61
Bread Pudding,1.53
Breadfruit,1.91
Breadsticks,4
Breakfast Sausage Links,3.39
Bream,1.35
Brendi,2.13
Bresaola,1.78
Brie,3.34
Brioche,3.46
Brittle,5.92
Broccoli,0.34
Broccoli Cheese Soup,0.87
Broccoli Soup,0.87
Brokoli,0.34
Broth,1
Brown Bread,2.46
Brown Lentil,3.53
Brown Rice,3.88
Brown Sugar,3.95
Brownies,4.05
Brussels Sprouts,0.43
Buah belimbing,0.31
Buah Blewah,0.34
Buah Cherimoya,0.75
Buah Delima,0.83
Buah Feijoa,0.55
Buah Kiwi,0.61
Buah Kumquat,0.71
Buah Leci,0.66
Buah Mangga,0.6
Buah Manggis,0.73
Buah Marakuya,0.97
Buah Markisa,0.97
Buah Melon,0.34
Buah Melon Galia,0.23
Buah Melon Madu,0.28
Buah Mengkudu,0.53
Buah Naga,0.6
Buah Nanas,0.5
Buah Nangka,0.95
Buah Rambutan,0.82
Buah Sawo Manila,0.83
Buah Semangka,0.3
Buah Sirsak,0.66
Buah sukun,1.91
Buaya,2.32
Bubuk bawang,3.41
Bubuk bawang putih,3.31
Bubuk cabai,2.82
bubuk Custard,3.37
bubuk malt,3.61
Bubuk pengembang,0.53
Bubuk protein,4.11
Bubuk Protein Kedelai,3.38
Bubuk soda kue,0
Bubur Millet,0.46
Buckler (N.A.),0.21
Buckwheat,3.43
Buckwheat Groats,3.46
Bud Ice,0.35
Bud Light,0.29
Bud Light Chelada,0.43
Bud Light Lime,0.34
Bud Select,0.28
Bud Select 55,0.15
Budweiser,0.41
Budweiser Chelada,0.52
Buffalo,1.31
Buffalo Chicken Pizza,2.52
Buffalo Meat,1.31
Bumbu Pai Labu,3.42
Bumbu Unggas,3.07
Bun,3.16
Buncis,3.64
Buncis hitam,3.64
Bundt Cake,3.7
Bungkus Tortila,2.71
Burger Keju Bacon Jr. Wendy's,2.61
Burger keju ganda,2.67
Burger Keju Ganda McDonald,2.82
Burger Keju Jr. Wendy's,2.25
Burger Keju McDonald's,2.63
Burger King Angry Whopper,2.55
Burger King Double Whopper,2.39
Burger King Double Whopper dengan Keju,2.49
Burger King Double Whopper with Cheese,2.49
Burger King Original Chicken Sandwich,3.01
Burger King Premium Alaskan Fish Sandwich,2.59
Burger King Sandwich Ayam Asli,3.01
Burger King Triple Whopper,2.69
Burger King Whopper,2.31
Burger King Whopper dengan Keju,2.41
Burger King Whopper Jr.,2.34
Burger King Whopper with Cheese,2.41
Burrito,1.63
Burung Pegar,2.39
Burung puyuh,2.27
Burung unta,1.45
Busch,0.37
Busch Light,0.27
Busch N.A.,0.17
Butter,7.2
Butter Cheese,3.88
Butter Chicken,1.4
Butter Pecan Ice Cream,2.48
Butterfinger,4.5
Butterfish,1.87
Buttermilk,0.62
Buttermilk Pancakes,2.38
Buttermilk Pie,3.8
Buttermilk Ranch Dressing,5.33
Butternut,6.12
Butterscotch Chips,5.39
Cabai,2.82
Cabbage,0.25
Cabbage Soup,0.28
Cabe rawit,3.18
Cabernet Sauvignon,0.77
Caesar Dressing,4.29
Cahaya Kristal,2.63
Cake Flour,3.62
Calabrese Pizza,2.35
Calamari,1.75
Calf Brain,1.36
Calf Liver,1.92
Calf Lung,1.04
Calf Melt,2.56
California Roll,0.93
Calzone,2.31
Camembert,3
Canada Dry Ginger Ale,0.41
Canadian Whiskey,2.16
Canadian-Style Bacon,1.07
Candied Orange Peel,0.97
Candy Apple,1.52
Candy Cane,4.23
Candy canes,4.23
Candy Corn,3.6
Candy Floss,4
Cane Sugar,3.87
Canned Apricots,0.48
Canned Blackberries,0.92
Canned Blueberries,0.88
Canned Cherries,0.54
Canned Cranberries,1.78
Canned Crushed Pineapple,0.53
Canned Figs,1.07
Canned Fruit Cocktail,0.81
Canned Fruit Salad,0.5
Canned Gooseberries,0.73
Canned Grapefruit,0.37
Canned Grapes,0.76
Canned Mandarin Oranges,0.71
Canned Mango,0.65
Canned Mangosteen,0.73
Canned Mixed Fruit,0.71
Canned Morello Cherries,0.81
Canned Oranges,0.62
Canned Peaches,0.54
Canned Pears,0.35
Canned Pineapple,0.6
Canned Plums,0.58
Canned Raspberries,0.91
Canned Sliced Pineapple,0.53
Canned Sour Cherries,1.14
Canned Strawberries,0.92
Canned Tangerines,0.61
Cannelloni,1.46
Cannoli,2.54
Canola Oil,8.84
Cantaloupe,0.34
Cantaloupe Melon,0.34
Cap�n Crunch,4.04
Capcay,1.72
Capellini,3.53
Caper,0.23
Capers,0.23
Capicola,1.1
Cap'n Crunch,4.04
Capon,2.29
Cappelletti,1.64
Capricciosa Pizza,2.6
Capri-Sun,0.41
Capsicum,0.27
Caramel Cake,4.75
Caramel Popcorn,3.76
Caramel squares,3.67
Caraway Seeds,3.33
Cardamom,3.11
Caribou,1.59
Carlsberg,0.32
Carp,1.62
Carrot,0.41
Carrot Cake,4.08
Carrot Ginger Soup,0.25
Carrot Juice,0.4
Carrot Soup,0.25
Carvel,2.12
Casaba Melon,0.28
Cashew,5.53
Cassava,1.6
Catalina Dressing,2.82
Cauliflower,0.25
Cava,0.76
Caviar,2.64
Cayenne Pepper,3.18
Celebrations,4.9
Celery,0.16
Cellophane Noodles,3.51
Cengkeh,2.74
Ceri,0.5
Ceri Acerola,0.32
Ceri Marashcino,1.65
Chai,0
Chai Tea,0
Challah,2.83
Chambord,3.48
Chamomile Tea,0
Champagne,0.75
Chapati,2.4
Chard,0.19
Chardonnay,0.85
Chasseur Sauce,0.45
Cheddar,4.03
Cheerios,3.47
Cheerios beku,3.93
Cheerios Kacang Madu,3.93
Cheerios Multigrain,3.8
Cheese Fondue,2.28
Cheese Pastry,3.74
Cheese Pizza,2.67
Cheese Platter,3.57
Cheese Slices,3.56
Cheese Spread,2.9
Cheese Tortellini,2.91
Cheese Whiz,2.76
Cheeseburger,2.63
Cheesecake,3.21
Cheez-It�s,5.33
Chenin Blanc,0.8
Cherimoya,0.75
Cherries,0.5
Cherry Coke,0.44
Cherry Jam,2.5
Cherry Juice,0.45
Cherry Pie,2.6
Cherry Tomato,1
Cherry Yogurt,0.97
Chess Pie,4.11
Chester,3.87
Chestnut,2.13
Chex,3.87
Chia Seeds,4.86
Chicken,2.19
Chicken Bouillon,0.04
Chicken Breast,1.63
Chicken Breast Fillet,0.79
Chicken Broth,0.16
Chicken Caesar Salad,1.27
Chicken Drumstick,1.85
Chicken Drumsticks,1.85
Chicken Fajita,1.47
Chicken Fat,8.98
Chicken Fried Steak,1.51
Chicken Giblets,1.58
Chicken Gizzards,1.46
Chicken Gumbo Soup,0.23
Chicken Heart,1.85
Chicken Leg,1.74
Chicken Legs,1.74
Chicken Liver,1.67
Chicken Marsala,0.96
Chicken McNuggets,3.02
Chicken Meat,1.72
Chicken Noodle Soup,0.25
Chicken nugget,2.96
Chicken Nuggets,2.96
Chicken Parmesan,1.1
Chicken Pizza,2.34
Chicken Pizziola,1.41
Chicken Pot Pie,2.23
Chicken Salad,0.81
Chicken Sandwich,2.41
Chicken Stock,0.16
Chicken Stomach,1.48
Chicken Teriyaki Sandwich,1.38
Chicken Thigh,2.29
Chicken Thighs,2.29
Chicken Tikka Masala,0.81
Chicken Vegetable Soup,0.31
Chicken Wing,2.66
Chicken Wings,3.24
Chicken with Rice Soup,0.24
Chickpeas,3.64
Chicory,0.72
Chicory Greens,0.23
Chicory Hijau,0.23
Chicory Roots,0.72
Chili,2.82
Chili Bean,0.97
Chili con Carne,1.05
Chili Powder,2.82
Chili Sauce,1.12
Chimichanga,2.32
Chinese Cabbage,0.16
Chitterlings,2.33
Chive Cream Cheese,3.42
Chives,0.3
Chocolate,5.29
Chocolate Bar,5.33
Chocolate Cake,3.89
Chocolate Cheerios,3.67
Chocolate Chip Ice Cream,2.15
Chocolate Chips,4.67
Chocolate Cream Pie,3.04
Chocolate Ice Cream,2.16
Chocolate Milk,0.89
Chocolate Milkshake,1.25
Chocolate Mousse,2.25
Chocolate Mousse Cake,2.6
Chocolate Mousse Pie,2.6
Chocolate Muffin,4.2
Chocolate Philadelphia,2.87
Chocolate Spread,5.41
Chocolate Sprinkles,5
Chocolate Wine,2.56
Chocolate Yogurt,1.28
Chocos,3.8
Chop Suey,1.72
Chopped Ham,1.8
Chorizo,4.55
Chuck Panggang,1.41
Chuck Roast,1.41
Chuck Steak,1.37
Chuck Tanah,2.5
Ciabatta,2.71
Ciao Bella,1.09
Cider,0.49
Cider Vinegar,0.21
Cilantro,0.23
Cinnamon,2.47
Cinnamon Bun,4.36
Cinnamon Toast Crunch,4.33
Ciuman Hershey,4.71
Clam,1.48
Clamato,0.6
Clausthaler (N.A.),0.26
Clementine,0.47
Cloves,2.74
Club Mate,0.3
Cobb Salad,1.18
Coca Cola,0.42
Coca Cola Diet,0.01
Coca cola Vanilla,0.45
Coca Cola Zero,0
Coco Pops,3.76
Cocoa Krispies,3.86
Cocoa Pebbles,3.67
Cocoa Powder,2.28
Cocoa Puffs,4
Coconut,3.54
Coconut Cake,3.56
Coconut Flakes,4.56
Coconut Milk,2.33
Coconut Oil,8.57
Coconut Water,0.19
Cod,1.05
Cod Liver Oil,10
Coffee,0.01
Coffee Cake,3.31
Coffee Creamer,1.95
Coffee Ice Cream,2.36
Cognac,2.35
Cointreau,3.2
Coke,0.42
Coke Zero,0.01
Cokelat,5.29
Cokelat batangan,5.33
Cokelat Cheerios,3.67
Cokelat Ganda Magnum,3.8
Cokelat Lindt,5.48
Cokelat Mousse,2.25
Coklat bubuk,2.28
Coklat panas,0.89
Cola,0.42
Colby Cheese,3.94
Colby-Jack Cheese,3.94
Cold Pack Cheese,2.46
Cold Stone Creamery,2.32
Collard Greens,0.28
Colt 45,0.44
Conchas / Roti Manis Meksiko,3.53
Conchas/Mexican Sweet Bread,3.53
Concord Grape,0.71
Condensed Milk,3.21
Cooked Ham,1.33
Cookie Crisp,4
Cookie Dough Ice Cream,2
Cookies,4.88
Coors,0.42
Coors Light,0.29
Coors N.A.,0.18
Coriander,0.23
Corn,3.65
Corn Dog,2.5
Corn Flakes,3.57
Corn Flour,3.61
Corn Oil,8
Corn Pops,3.77
Corn Syrup,2.81
Corn Waffles,2.74
Cornbread,1.79
Corned Beef,2.51
Corned Beef Hash,1.64
Cornflakes Kacang Renyah,6
Cornish Hens,2.59
Cornmeal,3.62
Cornstarch,3.81
Corona,0.42
Cottage Cheese,0.98
Cottage Pie,1.39
Cotton Candy,6.43
Cotton Seeds,5.06
Cottonseed Oil,8.82
Count Chocula,4.07
Courgette,0.17
Couscous,3.76
Couverture,6
Cracker,5.02
Cracklin Oat Bran,4.02
Cranberries,0.46
Cranberry,0.46
Cranberry Apple Juice,0.67
Cranberry Grape Juice,0.71
Cranberry Juice,0.46
cranberry kering,3.08
Crayfish,0.87
Cream,2.42
Cream Cheese,0.54
Cream Cheese with Herbs,3.42
Cream of Asparagus Soup,0.35
Cream of Broccoli Soup,0.45
Cream of Celery Soup,0.37
Cream of Chicken Soup,0.48
Cream of Mushroom Soup,0.39
Cream of Onion Soup,0.44
Cream of Potato Soup,0.3
Cream of Tartar,2.58
Cream of Wheat,3.64
Cream Puff,3.34
Cream Sauce,1.8
Cream Yogurt,1.24
Creamed Spinach,0.74
Creamy Chicken Noodle Soup,0.23
Creamy Yogurt,0.9
Creme Fraiche,3.93
Crepes,2.24
Cress,0.32
Croissant,4.06
Croquettes,1.27
Cruller Prancis,4.12
Crumb Cake,4.41
Crumpet,1.78
Crunchie McFlurry,1.74
Crunchy Nut,6
Crunchy Nut Cornflakes,6
Crystal Light,2.63
Crystallized Ginger,3.35
Cubed Steak,1.99
Cucumber,0.16
Cucumber Juice,0.1
Cuka,0.18
Cuka Anggur Merah,0.19
Cuka Apel,0.49
Cuka Balsamik,0.88
Cuka Sari,0.21
Cukini,0.17
Cumberland Sausage,2.5
Cumi-cumi,0.92
Cumin,3.75
Cumin Seed,3.75
Cupcake,3.05
Cupcakes,3.05
Curacao Biru,2.43
Curd,0.98
Curly Fries,3.11
Currant Juice,0.48
Currants,0.56
Curry,3.25
Curry Ketchup,1.24
Curry Sauce,0.26
Custard,1.22
Custard Apple,1.01
Custard Powder,3.37
Dada ayam,1.63
Dada Bebek,2.01
Dada Burung Pegar,1.33
Dada burung Puyuh,1.23
Dada kalkun,1.04
Dada Kalkun Asap,1.04
Dadih,0.98
daging,1.45
Daging Aligator,2.32
Daging Angsa,2.38
Daging asap,1.07
Daging ayam,1.72
Daging Babi,1.96
Daging Babi Asap,4.07
Daging Babi Hutan,1.6
Daging Babi Meleleh,2.19
Daging Bebek Mallard,2.11
Daging Berang-berang,2.12
Daging Beruang,2.59
Daging Bison,1.71
Daging burung unta,1.75
Daging cincang,2.54
Daging domba,2.02
Daging Garam,2.86
Daging giling,2.41
Daging iga panggang,2.17
Daging Kambing,2.34
Daging Kerbau,1.31
Daging kijang,1.5
Daging kornet,2.51
Daging Mallard,2.11
Daging Pegar,2.39
Daging Rakun,2.55
Daging Rusa,1.34
Daging sapi,1.71
Daging sapi cincang,1.43
Daging Sapi Meleleh,2.71
Daging sapi muda,2.82
Daging Sapi Panggang,1.75
Daging Sapi Panggang Klasik Arby,2.34
Daging Sapi Rebus,1.91
Daging Sapi Sirloin,2.04
Daging tenderloin,2.18
Daging Tupai,1.73
Dagung Burung Unta,1.45
Dairy Milk McFlurry,1.86
Dal,3.3
Dampfnudel,2.74
Dandelion,0.45
Danish Pastry,3.74
Dark Beer,0.46
Dark Rum,2.16
Dates,2.82
daun mint,0.7
Daun Thyme,2.76
Dedak gandum,2.16
Dedak Kacang Kismis,3.67
Dedak Kismis,3.22
Dedak Oat,2.46
Dedaunan anggur,0.93
Deep Dish Pizza,2.65
Deep-Fried Tofu,2.71
Dekstrosa,3.75
Delima,0.83
Dendeng babi,2.86
Dendeng Daging Sapi,4.1
Deviled Eggs,2.01
Dextrose,3.75
Dieja,3.38
Dieja Bran,1.77
Dieja Semolina,3.6
Diet Cherry Coke,0.01
Diet Coke,0.01
Diet Dr. Pepper,0
Diet Pepsi,0
Diet Sunkist,0
Diet Yoghurt,0.54
Diet Yogurt,0.54
Dil,0.43
Dill,0.43
Dill Weed,0.43
Dim Sum,1.93
Dippin Dots,2.24
Domba,2.02
Dominos Philly Cheese Steak Pizza,2.24
Donat,4.03
Donat/Donat,4.21
Donut,4.03
Donut/Doughnut,4.21
Dosa,0.66
Double Cheeseburger,2.67
Double Rainbow,2.57
Dove,2.13
Dr. Brown�s,0.53
Dr. Pepper,0.27
Dragon Fruit,0.6
Drambuie,3.58
Dried Apricots,2.41
Dried Cranberries,3.08
Dried Figs,2.49
Dried Fruit,2.43
Dried Prunes,1.07
Drumsticks,2.55
Dry Red Wine,0.85
Duck,3.37
Duck Breast,2.01
Duck Egg,1.85
Duck Liver,1.36
Dumpling Dough,0.99
Dumplings,1.24
Durian,1.47
Durum Wheat Semolina,3.97
Dutch Cheese,3.93
Dutch Loaf,2.68
Edam Cheese,3.57
Eel,2.36
Egg,0.97
Egg Cream,0.94
Egg Nog,0.88
Egg Noodles,3.84
Egg Roll,2.5
Egg White,0.13
Egg Yolk,3.22
Eggplant,0.25
Eggy Bread,1.96
Ekor Babi,3.96
Ekstrak Almond,2.58
Ekstrak peppermint,0
Ekstrak vanili,2.88
Elderflower Cordial,0.29
Emas Magnum,3.41
Emmental,3.57
Emmentaler,3.57
Empanada,3.35
Empat Pizza Keju,2.21
Emu,1.52
Enchilada,1.68
Enchiladas,1.68
Endive,0.17
Energy-Drink,0.87
Engah,3.67
English Muffin,2.27
Es Krim Adonan Kue,2
Es Krim Choco chip,2.15
Es krim cokelat,2.16
Es Krim Kemiri Mentega,2.48
Es krim kon Vanila,1.62
es krim kopi,2.36
Es krim mint dengan coklat chip,2.39
es krim rocky road,2.57
Es Krim Snickers,3.6
Es krim stroberi,2.36
Es krim sundae,1.42
Es krim vanila,2.01
Es Krim Vanila Prancis,2.01
Es Susu,1.59
Es teh,0.27
Esrom (Cheese),3.22
Evaporated Milk,1.34
Evian,0
Extra-Firm Tofu,0.91
Fairy Cakes,4.4
Fajita,1.17
Falafel,3.35
Fanta,0.39
Fanta Anggur,0.4
Fanta Coco Pandan,0.13
Fanta Zero,0
Farfalle,3.58
Feijoa,0.55
Fennel,0.31
Fennel Seed,3.45
Fenugreek,3.23
Ferrero Rocher,5.76
Feta,2.64
Feta Cream Cheese,3.42
Fettuccine,3.53
Fiber One,2.67
Fiesta Bakso Sosis,1.6
Filet Mignon,2.07
Filet-o-Fish,2.82
Filet-o-Fish McDonald's,2.75
Filet-o-Ikan,2.82
Fillet Dada Ayam,0.79
Fillet Daging Sapi,1.89
Firm Tofu,0.7
Fish and Chips,1.95
Fish Fingers,2.9
Fish Sandwich,2.73
Fish Sticks,2.9
Five Alive,0.35
Flageolet,0.85
Flan,1.45
Flank Steak,1.94
Flapjack,4.86
Flat Iron Steak,1.37
Flatbread,3.11
Flaxseed,5.34
Flaxseed Oil,8.84
Flounder,0.86
Flour,3.64
Flourless Chocolate Cake,5.09
Focaccia,2.49
Fol Epi,3.88
Fontina,3.89
Fortune Cookies,2.14
Four Cheese Pizza,2.21
Frangelico,2.38
Frankfurters,3.05
Freekeh,5.2
French Cruller,4.12
French Dressing,0.6
French Fingerling Potatoes,0.82
French Fries,3.12
French Onion Soup,0.23
French Vanilla Ice Cream,2.01
Fresca,0
Fresh Mozzarella,2.8
Fried Bean Curd,2.71
Fried Rice,1.86
Fried Shrimp,2.77
Friendly�s,2.12
friendly's,2.12
Froot Loop,3.79
Froot Loops,3.79
Frosted Cheerios,3.93
Frosted Flakes,3.67
Frosted Mini-Wheats,3.53
Frosties,3.67
Fructose,3.68
Fruit Cake,3.24
Fruit salad,0.5
Fruit Yogurt,0.97
Fruitopia,1.1
Fruity Pebbles,4
Fruktosa,3.68
Full Throttle,1.1
Funnel Cake,3.07
Fusilli,3.52
Fuze,0.2
Fuze Tea,0.25
Gadis cantik,1.78
Galia Melon,0.23
Gamay,0.78
Gambar Kering,2.49
gandum,3.67
Gandum Gandum Utuh,3.39
Gandum hitam,2.81
Gandum Kembung,3.67
Gandum Menir,1
Gandum Mini Beku,3.53
Gandum parut,3.4
Garam,0
Garam bawang putih,0
Garam beryodium,0
Garam laut,0
Garlic,1.49
Garlic Bread,3.5
Garlic Cream Cheese,3.42
Garlic Powder,3.31
Garlic Salt,0
Garlic Sausage,1.69
Gatorade,0.23
Gelatin,3.35
Genesee Cream Ale,0.46
German Chocolate Cake,3.7
Ghee,1.2
Gherkin,0.14
Gin,2.63
Ginger,0.8
Ginger Ale,0.35
Ginger Beer,0.42
Ginger Tea,0
Gingerbread,3.56
Ginjal Babi,1.51
Ginjal Daging Sapi,1.58
Ginjal sapi muda,1.63
Ginkgo Nuts,1.82
Gjetost,4.66
Glass Noodles,1.92
Glenfiddich,2.3
Glucose,2.86
Glucose Syrup,3.87
Glukosa,2.86
Gluten,3.7
Gluten Gandum,3.25
Gnocchi,1.33
Goa Bean,4.09
Goat Cheese,3.64
Goat Cheese Pizza,2.19
Goat Milk,0.69
Gold Fish,0.9
Golden Grahams,4
Golden Mushroom Soup,0.65
Goose,3.05
Goose Fat,8.98
Goose Liver,1.33
Goose Meat,2.38
Gorgonzola,3.5
Gouda,3.56
Goulash,10.09
Gourd,0.14
Graham Emas,4
Gram Benggala,3.64
Gram Hijau,3.47
Gram hitam,3.41
Grand Marnier,2.53
Granola Bar,4.52
Granola Bars,4.52
Granulated Sugar,3.87
Grape Jelly,2.55
Grape Juice,0.6
Grape Leaves,0.93
Grape Nuts,3.62
Grape Seed Oil,8.84
Grapefruit,0.42
Grapefruit Juice,0.46
Grape-Nuts,3.62
Grapes,0.69
Grated Parmesan,4.31
Gravy,0.53
Greek Dressing,4.67
Greek Yogurt,0.53
Green Beans,0.31
Green Gram,3.47
Green Lentil,2.57
Green Olives,1.15
Green Onion,0.32
Green Sands Lemon & Grape,0.36
Green Sands Lime & Lychee,0.36
Greengage,0.41
Grilled Cheese,3.5
Grilled Cheese Sandwich,2.88
Grilled Chicken Salad,0.88
Grilled Pizza,2.26
Grissini,4.08
Ground Beef,2.41
Ground Chuck,2.5
Ground Cinnamon,2.47
Ground Ginger,3.35
Ground Pork,2.63
Ground Round,2.12
Grouper,1.18
Gruyere,4.13
Gruy�re,4.13
Guava,0.68
Guinea-Fowl,1.58
Guinness,0.35
Gula,4.05
Gula batu,6.25
Gula bubuk,3.89
Gula Kacang,0.42
Gula merah,3.95
Gula pasir,3.87
Gula tebu,3.87
Gula tetes,2.9
Gula vanila,3.57
gulai daging sapi,1.23
Gulma Dill,0.43
Gulungan,3.16
Gulungan California,0.93
Gulungan Oats,3.84
Gulungan Pretzel,3.38
Gulungan Sosis,2.97
Gulungan Swiss,3.13
Gumdrops,3.21
Gummi Bears,3.16
Gurih,2.72
Gurita,1.64
Haddock,0.9
Halloumi,3.21
Ham,1.45
Ham and Cheese Sandwich,2.41
Ham panggang,3.43
Ham rebus,1.26
Ham Sandwich,2.41
Ham Sausage,1.64
HAM yang sudah dipotong-potong,1.8
Hamburger,2.54
Hamburger Sauce,3.83
Hanuta,5.41
Harissa,0.52
Hash Daging Kornet,1.64
hati anak sapi,1.92
Hati Angsa,1.33
Hati ayam,1.67
Hati Babi,1.48
Hati Bebek,1.36
Hati Sapi,1.65
Hati Sapi muda,1.86
Hati Turki,1.89
Havarti,3.71
Hawaiian Pizza,1.15
Hawaiian Punch,0.31
Hazelnut,6.28
Hazelnut Oil,8.89
Hazelnuts,6.28
Head Cheese,1.57
Healthy Choice,1.25
Heavy Cream,3.45
Heineken,0.35
Hemp Oil,8.07
Herring,2.03
Herring Oil,9.02
Hershey Kisses,4.71
Hi-C,0.49
Hickory Ham,1.88
Hickory Nuts,6.57
Hitung Chocula,4.07
Hiu,1.3
Hog Maws,1.57
Hoki,1.21
Hollandaise Sauce,5.35
Honey,3.04
Honey Brown,0.42
Honey Ham,1.22
Honey Mustard Dressing,4.64
Honey Nut Cheerios,3.93
Honey Smacks,3.7
Honeycomb,3.97
Honeydew,0.36
Horchata,0.54
Horseradish,0.48
Hot Chocolate,0.89
Hot Dog,2.69
Hot Dog Buns,2.79
Hot Dogs,2.78
Hot Fudge Sundae,1.86
Hot Pepper,3.18
Hot Sausage,2.59
Hummus,1.77
Hurricane High Gravity,0.39
Ice Cream Cake,2
Ice Cream Sandwich,2.37
Ice Cream Sundae,1.42
Ice Milk,1.59
Ice Tea,0.27
Iced Tea,0.27
Iga,2.38
Iga babi,2.92
Iga Babi Gaya Country,2.47
Iga Babi Panggang,1.59
Iga BBQ,2.55
Iga Panggang Berdiri,3.33
Iga Punggung Bayi,2.59
Iga Punggung Bayi Babi,2.12
Iga sapi,1.96
Iga Utama Daging Sapi,4.04
Ikan Bass,1.24
ikan biru,1.59
Ikan dan Keripik,1.95
Ikan haring,2.03
Ikan kakap merah,1.28
Ikan kembung,2.62
ikan kod,1.05
Ikan mas,0.9
Ikan mentega,1.87
Ikan merah,0.94
Ikan Nila,1.286
Ikan putih,1.72
Ikan salmon,2.06
Ikan teri,1.31
Ikan todak,1.72
ikan trout,1.9
Instant Ramen,4.36
Iodized Salt,0
IPA,0.51
irisan daging babi,1.31
Irish Whiskey,2.33
Isian Pai Apel,1
Isian Pai Lemon,1.43
Italia pedas,2.19
Italian BMT,1.83
Italian Bread,2.71
Italian Cheese,3.97
Italian Dressing,2.93
Italian Sausage,1.49
Jack apel,2.33
Jack Daniel�s,1.46
Jack Daniels,1.46
Jackfruit,0.95
Jagermeister,2.5
Jaggery,3.83
Jagung,3.65
Jagung anjing,2.5
Jagung meletus,5.82
Jahe,0.8
Jahe mengkristal,3.35
Jahe Tanah,3.35
Jalapeno,0.13
Jambalaya,1
Jambu biji,0.68
Jamur,0.22
Jantung Turki,1.74
Japanese Sweet Potatoes,0.87
Jari Ikan,2.9
jari mentega,4.5
Jarlsberg,3.52
Jawawut,3.78
Jelai,3.54
Jeli,2.78
Jeli Anggur,2.55
Jelly,2.78
Jelly Bean,3.54
Jelly Beans,3.54
Jelly Belly,3.54
Jerky,4.1
jeroan ayam,1.58
jeroan kalkun,1.73
Jeruk,0.47
Jeruk Bali,0.38
Jeruk Bali Merah,0.42
Jeruk Bali Merah muda,0.42
Jeruk Darah,0.5
Jeruk keprok,0.53
Jeruk Mandarin,0.53
jeruk nipis,1.28
Jif Peanut Butter,5.8
Jim Balok,2.22
Jim Beam,2.22
Jintan saru,0.45
Jinten,3.75
Joe ceroboh,0.71
Jolly Ranchers,3.85
Jolt Cola,0.44
Jordan Almond,4.29
Jordan Almonds,4.29
Jujube,0.79
Juniper,0.45
Jus Acai,0.58
Jus anggur,0.6
Jus Anggur Cranberry,0.71
Jus Anggur Putih,0.75
Jus apel,0.46
Jus Apel Cranberi,0.67
Jus Blackberry,0.48
Jus Boysenberry,0.54
Jus campur khas Hawai,0.31
Jus Ceri,0.45
Jus cranberry,0.46
Jus delima,0.66
Jus Grapefruit,0.46
Jus jeruk,0.46
Jus Jeruk Nanas,0.5
Jus jeruk nipis,0.21
Jus jeruk tangerine,0.43
Jus Kismis,0.48
Jus lemon,0.21
Jus Lidah buaya,0.44
Jus Markisa,0.48
Jus nanas,0.53
Jus Nektar Aprikot,0.56
Jus pepaya,0.58
Jus Persik,0.54
Jus pir,0.6
Jus Pisang,0.5
Jus Prem,0.71
Jus Sauerkraut,0.14
Jus Sayuran,0.21
Jus timun,0.1
Jus tomat,0.17
Jus wortel,0.4
Just Right,3.91
K Khusus,3.77
Kacang,6.28
kacang almond,5.29
Kacang Angkatan Laut,3.37
Kacang Azuki,1.24
Kacang brazil,6.56
Kacang Burrito,2
Kacang cabai,0.97
Kacang digoreng ulang,0.91
Kacang ginkgo,1.82
Kacang hazel,6.28
Kacang Hickory,6.57
Kacang Hijau,0.31
Kacang hitam,3.41
Kacang kacangan,5.67
Kacang Kedelai,4.71
Kacang Kedelai Panggang,4.71
Kacang lima,0.71
Kacang macadamia,7.18
Kacang manis,0.48
Kacang merah,3.37
Kacang mete,5.53
Kacang panggang,0.94
Kacang pecan,6.91
kacang pikan,6.91
Kacang Pili,7.19
Kacang pinto,3.47
Kacang pinus,6.73
Kacang pistasi,5.62
Kacang polong,0.42
Kacang putih,3.36
Kacang Renyah,6
Kacang vanila,2.5
kacang-kacangan,3.53
Kahlua,1.8
Kakao Krispi,3.86
Kaki ayam,1.74
Kaki Babi,2.01
Kaki Burung Pegar,2.39
Kaki Kalkun,2.08
Kaki Sapi,2.11
Kaldu,1
Kaldu Sayuran,0.05
Kaldu Skotlandia,0.33
Kale,0.49
Kalkun,1.89
Kalkun HAM,1.26
kalori 1 gr/ml,2.5
Kamut,3.37
Kanji dari tepung jagung,3.81
Kanji dr tepung jagung,3.81
Kapulaga,3.11
Kapur sirih,1.16
Karamalz,0.37
Kari,3.25
Karibu,1.59
Karper,1.62
Kashi,3.77
kastanye,2.13
kastanye manis,1.94
Kaviar,2.64
kayu apel,4.1
Kayu manis,2.47
Kayu Manis Tanah,2.47
Kebab,2.15
Kecambah Alfalfa,0.23
Kecap  asin,0.67
Kecap Inggris,0.78
kedelai,1.47
Kefir,0.55
Keju Amerika,1.48
Keju Asiago,3.92
Keju Belanda,3.93
Keju biru,3.53
keju Camembert,3
Keju Cheddar,4.03
Keju Cheddar Putih,4.03
Keju Colby,3.94
Keju Colby-Jack,3.94
Keju domba,3.64
Keju Edam,3.57
Keju Emmental,3.57
Keju Esrom,3.22
keju Fondue,2.28
Keju Fresh Mozarella,2.8
Keju Gouda,3.56
Keju Italia,3.97
Keju kambing,3.64
Keju Kedelai,2.35
Keju Keju,2.76
Keju Kemasan Dingin,2.46
Keju Kepala,1.57
Keju krim bawang putih,3.42
Keju Krim Feta,3.42
Keju krim kenari,3.42
Keju Krim Kucai,3.42
Keju Krim Nanas,3.42
Keju Krim Pesto,3.42
Keju Krim Philadelphia,3.42
Keju Krim Salmon,3.42
Keju Krim Sayuran,3.42
Keju Krim Zaitun,3.42
Keju Lacy Swiss,3.21
Keju Leerdammer,2.84
Keju lembut,2.68
Keju Maasdam,3.44
Keju Manchego,3.2
Keju Mentega,3.88
Keju Monterey Jack,3.73
Keju mozzarella,2.8
Keju Muenster,3.68
Keju Munster,3.68
Keju panggang,3.5
Keju Pepper,1
keju Provolone,3.51
Keju Raclette,3.57
Keju Slice,3.56
Keju Stilton,3.93
Keju Swiss,3.8
Keju Tali,2.5
Keju Wisconsin,3.89
Keju Young Gouda,3.56
Kelapa,3.54
Kelapa parut,5.01
kelinci,1.97
Kelloggs Corn Flakes,3.57
Kemangi,2.33
Kemiri,6.91
Kenari,1.31
Kenikmatan Cokelat Spesial K,3.88
Kentang,0.77
Kentang Au Gratin,1.32
Kentang Emas Merah,0.89
Kentang Fingerling Prancis,0.82
Kentang Goreng,3.11
Kentang Goreng ,3.12
Kentang Gratin,1.32
Kentang Majesty Ungu,0.72
Kentang Merah,0.89
Kentang Merah Norland,0.89
Kentang panggang,0.93
Kentang Pisang Rusia,0.67
Kentang putih,0.94
Kentang rebus,0.87
Kentang Rosemary,0.93
Kentang Russet,0.97
Kentang serba biru,0.61
Kentang tumbuk,0.83
Kentang Yukon Gold,0.82
Keping cokelat,4.67
Keran air,0
Kerang,1.48
Kerapu,1.18
Kerbau,1.31
Kerikil Buah,4
Kerikil Kakao,3.67
keripik apel,1.56
Keripik Butterscotch,5.39
Keripik Tortilla,4.99
Kerupuk,5.02
Kerupuk udang,5.27
Kesemak,1.27
Ketchup,1
Ketimun,0.14
Ketumbar,0.23
Key Lime Pie,3.59
Keystone Ice,0.4
Keystone Light,0.29
Khusus K Protein Plus,3.75
Kidney Beans,3.37
Kielbasa,3.09
King Cake,3.77
kismis,4.74
Kit Kat,5.21
Kiwi,0.61
Kix,3.67
Klub Kalkun Agung Arby,2.1
Knackwurst,3.07
KOBLER rasa blueberi,2.34
Koelsch,0.43
Kohlrabi,0.27
Kokas Nol,0.01
Koktail Udang,4.64
Kol,0.25
Kol bunga,0.25
Kol merah,0.31
Kolrabi,0.27
Kombucha,0.13
Kool-Aid,0.26
Kopi,0.01
Kraft All in 1 Cheddar,2.5
Kraft Cheddar Cheese,3
Kraft Keju Cheddar,3
Kraft Keju Slice,2.94
Krave,3.72
Krim,2.42
Krim asam,1.81
Krim gandum,3.64
Krim Irlandia Bailey,3.27
Krim keju,0.54
Krim Keju dengan Herbal,3.42
Krim kental,3.45
Krim kocok,2.57
Krim Kopi,1.95
Krim Puff,3.34
Krim Tartar,2.58
Krim Telur,0.94
Kroket,1.27
Kuadrat Oatmeal Quaker,4
kubis,0.49
Kubis Brussel,0.43
Kue,4.88
Kue apel,2.52
Kue Bakewell,4.3
Kue Beludru Merah,3.67
Kue Benih Poppy,3.94
Kue black forest,2.64
Kue bolu,2.89
kue bolu Victoria,2.57
Kue buah,3.24
Kue Bundel,3.7
Kue Catur,4.11
Kue cokelat,3.89
kue cokelat Jerman,3.7
Kue Coklat Mousse,2.6
kue coklat tanpa tepung,5.09
Kue Corong,3.07
Kue Denmark,3.74
Kue es krim,2
kue gandum,4.5
Kue Gembala,0.7
Kue Gulung Manis,3.33
Kue Hitam Putih,3.81
Kue Karamel,4.75
Kue keberuntungan,2.14
kue keju,3.21
Kue keju labu,3.4
kue keju stroberi,3.27
Kue Keju Stroberi Yoplait,1
kue kelapa,3.56
Kue kering kismis Oatmeal,4.35
kue kopi,3.31
Kue lapis,4.02
kue lemon,3.52
Kue Madeira,3.94
Kue Makanan Malaikat,2.58
Kue Mangkok,3.05
Kue Marmer,3.39
Kue Nanas Terbalik,3.19
Kue Opera,3.2
kue pay mentega susu,3.8
Kue Peri,4.4
Kue pernikahan,3.81
Kue Pound,3.9
Kue prem,1.09
Kue Puff,5.58
kue Raja,3.77
Kue Remah,4.41
Kue Rempah,3.32
kue rum,3.51
kue saus apel,3.58
Kue Semprit,5
Kue Shortcrust,5.44
kue tiramisu,2.91
Kue Tres Leches,2.46
Kue ulang tahun,4.65
Kue wortel,4.08
Kulit jeruk,0.97
Kumara,0.86
Kumquat,0.71
Kundur,0.14
Kuning telur,3.22
Kunyit,3.54
Kurma,2.82
Kuskus,3.76
Labatt,0.43
Labu,0.26
Labu Musim Dingin,0.34
Lactose-free Milk,0.52
Lacy Swiss Cheese,3.21
Lada hitam,2.51
Lada Serrano,0.32
Laffy Taffy,3.72
Lager Beer,0.43
Lamb,2.02
Lamb Meat,2.02
Land Shark,0.42
Landjaeger,3.52
Lard,9.02
Lasagna,1.32
Lasagne,1.32
Lasagne Sheets,2.71
Lassi,0.75
Latkes,1.89
Latte Macchiato,0.57
Layer Cake,4.02
Leci,0.66
Leek,0.61
Leerdammer,2.84
Leher Daging Sapi,2.13
Leher sapi,1.37
Lemak Angsa,8.98
Lemak Ayam,8.98
Lemak babi,9.02
Lemak Daging Sapi,9.02
Lembar Lasagna,2.71
Lemon,0.29
Lemon Cake,3.52
Lemon Grass,0.99
Lemon Juice,0.21
Lemon Meringue Pie,2.68
Lemon Pie Filling,1.43
Lemonade,0.5
Lentil Coklat,3.53
Lentil Hijau,2.57
Lentil Kuning,3.04
Lentil Merah,3.29
Lentil Soup,0.56
Lentils,3.53
Lettuce,0.15
Licorice,3.75
Lidah,2.84
Lidah babi,2.71
Lidah Sapi,2.84
Life Cereal,3.75
life sereal,3.75
LifeSavers,5
Light Beer,0.29
Lima Beans,0.71
Lime,0.3
Lime Juice,0.21
Limeade,1.28
Limun,0.5
Lindt Chocolate,5.48
Ling,1.09
Linguica,2.82
Linguine,3.57
Linseed Oil,8.37
Liqueur,2.5
Liquor,2.5
Liquorice,3.75
Liver Pate,3.19
Liverwurst,3.26
Liverwurst ,3.05
Lobak,0.75
Lobak hijau,0.2
lobak pedas,0.48
Lobster,0.89
Lobster Bisque Soup,1
Lolipop,3.92
Lollipop,3.92
Lotus Seed,0.89
Low Carb Pasta,2.82
Lowenbrau,0.45
Low-Fat Yogurt,0.63
Lucky Charms,4.06
Lumpia,2.5
Luncheon Meat,1.17
Lychee,0.66
Lychees,0.66
M&M,4.79
M&M�s,4.79
Maasdam Cheese,3.44
Mac and Cheese,3.7
Mac dan keju,3.7
Macadamia Nuts,7.18
Macadamia Oil,8.19
Macaroni,3.7
Macaroni and Cheese,3.7
Mackerel,2.62
Madeira Cake,3.94
Madu,3.04
Madu Ham,1.22
Maggi,1.04
Magnolia,2.3
Magnum,3
Magnum Almond,3.15
Magnum Double Caramel,3.55
Magnum Double Chocolate,3.8
Magnum Double Karamel,3.55
Magnum Gold,3.41
Magnum White,2.97
Makaroni,3.7
Makaroni dan keju,3.7
Malbec,0.82
Malbec Wine,0.82
Mallard Duck Meat,2.11
Mallard Meat,2.11
Malt Beer,0.37
Malt Powder,3.61
Malted Milk,4.05
Maltesers,4.98
Maltitol,2.1
Maltodekstrin,3.75
Maltodextrin,3.75
Malt-O-Meal,0.51
Maltosa,3.44
Maltose,3.44
Manchego Cheese,3.2
Mandarin Oranges,0.53
Mangga,0.6
Mangga Yoplait,1
Mango,0.6
Mango Lassi,0.66
Mangosteen,0.73
Manicotti,3.57
Manisan Kulit Jeruk,0.97
Mantra Keberuntungan,4.06
Maple Syrup,2.7
Maracuya,0.97
Maraschino Cherries,1.65
Marble Cake,3.39
Margarin,7.17
Margarine,7.17
Margherita Pizza,2.75
Marjoram,2.71
Markisa,0.97
Marmite,2.25
Marron,2.1
Marrow Dumplings,4.24
Mars Bar,4.48
Marsala Wine,1
Marshmallow Fluff,6.66
Marshmallows,3.18
marsmalow,3.18
Marzipan,4.11
Mascarpone,4.5
Mashed Potatoes,0.83
Matzo Bread,3.51
Max Daging Sapi Panggang Arby,2.34
Mayones,6.92
Mayones kedelai,3.22
Mayonnaise,6.92
McChicken dari McDonald's,2.51
McDonald�s Big Mac,2.56
McDonald�s Cheeseburger,2.63
McDonald�s Chicken Nuggets,2.97
McDonald�s Double Cheeseburger,2.82
McDonald�s Filet-o-Fish,2.75
McDonald�s McChicken,2.51
McDonald�s McDouble,2.52
McDonald�s McMuffi Egg,2.25
McDonald�s McRib,2.65
McDonald�s Mighty Wings,3.08
McDouble McDonald,2.52
McFlurry,1.53
McFlurry Oreo,1.86
McFlurry Susu Susu,1.86
McNugget ayam,3.02
McRib,2.65
McRib McDonald's,2.65
Meat Pie,2.42
Meatball Sandwich,1.61
Meatball Soup,0.49
Meatloaf,2.54
Mello Yello,0.49
melt anak sapi,2.56
Menhaden Oil,9.11
Menir Soba,3.46
Mentega,7.2
Mentega asin,7.17
Mentega Asli,7.2
Mentega Kacang Kedelai,5.62
Mentega kedelai,5.62
Mentega susu,0.62
Mentega tawar,7.17
Merica,3.18
Merica putih,2.96
Meringue,2.85
Merlot,0.83
Merlot Wine,0.83
Merpati,2.13
Mettwurst,3.1
Michelob Amber Bock,0.47
Michelob Lager,0.44
Michelob Light,0.32
Michelob Ultra,0.27
Michelob Ultra Amber,0.26
Michelob Ultra Lime Cactus,0.27
Midori,2.67
Mie Gandum Utuh,3.47
Mie kaca,1.92
Mie Kedelai,2.16
Mie Kuah,0.34
Mie plastik,3.51
Mie Shirataki,0.18
Mie telur,3.84
Mike and Ike,3.6
Mike dan Ike,3.6
milik Schwan,2.46
Milk,0.61
Milk Duds,4.22
Milkfish,1.9
Milkshake (dry),3.29
Milkshake Cokelat,1.25
Milkshake vanila,1.49
Milky Way,4.49
Miller Chill,0.31
Miller Genuine Draft,0.4
Miller High Life,0.4
Miller High Life Light,0.31
Miller Lite,0.27
Millet,3.78
Millet Flour,3.72
Millet Gruel,0.46
Milo,4.09
Milwaukee�s Best,0.36
Milwaukee�s Best Light,0.28
Minced Onion,0.4
Minced Veal,1.43
Minestrone,0.34
Mini Milk,1.2
Mini-Gandum,3.53
Mini-Wheats,3.53
Minneola,0.64
Mint,0.7
Mint Chocolate Chip Ice Cream,2.39
Minuman ACE,0.44
Minuman Alkohol Bourbon,2.33
Minuman Energi,0.87
Minute Maid,0.46
Minute Maid Light,0.02
Minyak almond,8.82
Minyak alpukat,8.57
Minyak Argan,8.96
Minyak Babassu,8.84
Minyak Bekatul,8.89
Minyak biji anggur,8.84
Minyak Biji Aprikot,8.89
Minyak Biji Gandum,9.29
Minyak biji kapas,8.82
Minyak Biji labu,8.8
Minyak biji mustard,8.84
Minyak Biji Poppy,8.84
Minyak biji rami,8.84
Minyak Biji Tomat,8.84
Minyak bunga matahari,8.84
Minyak canola,8.84
Minyak Dedak Padi,8.89
Minyak gandum,8.84
Minyak Hati Ikan Kod,10
Minyak Ikan haring,9.02
Minyak Ikan Salmon,9.11
Minyak inti sawit,8.82
Minyak jagung,8
Minyak kacang,8.57
Minyak Kanola,8.84
Minyak Kedelai,8.89
Minyak kelapa,8.57
Minyak kelapa sawit,8.82
Minyak Kemiri,8.89
Minyak kenari,8.89
Minyak Makadamia,8.19
Minyak mustar,8.84
Minyak Nabati,8
Minyak Rami,8.07
Minyak Safflower,8.57
Minyak Sarden,9.02
Minyak sayur,8.84
Minyak Shea,8.84
Minyak wijen,8.84
Minyak zaitun,8.84
Miso,1.99
Mocca Yogurt,1
Molasses,2.9
Molson,0.42
Monkey Bread,2.9
Monkfish,0.97
Monterey,3.73
Monterey Jack Cheese,3.73
Moose,1.34
Moose Meat,1.34
Mortadella,3.11
Moscato Wine,0.76
Mostaccioli,1.84
Mozarella,2.8
Mozzarella,2.8
Mozzarella Pizza,2.49
Mozzarella segar,2.8
Muenster Cheese,3.68
Muesli,3.36
Muffin,2.96
Muffin Bran,2.7
Muffin Cokelat,4.2
Muffin Inggris,2.27
Muffin rasa blueberry,3.77
Mug Root Beer,0.42
Mulai Cerdas,3.71
Mulberries,0.43
Mulberry,0.43
Mulled Wine,1.96
Mullet,1.5
Multi-Grain Bread,2.65
Multigrain Cheerios,3.8
Mung Beans,0.12
Mushroom Pizza,2.12
Mushroom Soup,0.35
Mushrooms,0.22
Muskmelon,0.34
Mussel,1.72
Mustard,0.6
Mustard Greens,0.27
Mustard Oil,8.84
Mustard Sauce,6.45
Mustard Seed,5.08
Mutton,2.34
Mutton Meat,2.34
Naan,3.1
Nacho dengan Keju,3.06
Nachos with Cheese,3.06
nanas,0.5
Nangka,0.95
Napoli Pizza,2.02
Nasi Biryani,1.76
Nasi Chex,3.87
Nasi goreng,1.86
Nasi Hitam,3.23
Nasi Krispies,3.94
Nasi Puff,3.83
Nasi sup ayam,0.24
Nasi susu,0.49
Natto,2.12
Natural Ice,0.44
Natural Light,0.27
Navy Bean,3.37
Nectar,0.53
Nectarine,0.44
Nektar,0.53
Nektar persik,0.54
Nestea,0.21
Neufchatel,2.53
New York Strip Steak,1.99
New York Style Pizza,1.69
Newcastle,0.39
Non-alcoholic Beer,0.37
Noni,0.53
Nonpareils,4.75
Noodle Soup,0.34
Nori,0.35
Norland Red Potatoes,0.89
Nugget Ayam McDonald's,2.97
Nutella,5.44
Nutmeg,5.25
Nutri-Butir,3.51
Nutri-Grain,3.51
O�Doul�s (N.A.),0.19
Oat Bran,2.46
Oat gandum,3.75
Oat Oil,8.84
Oatibix,4.21
Oatmeal,3.75
Oatmeal Cookies,4.5
Oatmeal Quaker,3.75
Oatmeal Raisin Cookies,4.35
Obatzda,3.03
Octopus,1.64
Okara,0.77
Okra,0.33
Old Milwaukee,0.41
Old Milwaukee N.A.,0.16
Olde English,0.45
Olive Cream Cheese,3.42
Olive Loaf,2.32
Olive Oil,8.84
Olive Spread,5.5
Olives,1.15
Omelet Kentang,1.54
Omelette,1.54
Onion,0.4
Onion Powder,3.41
Onion Rings,4.11
Onion Soup,0.23
Opera Cake,3.2
Orange,0.47
Orange Chicken,2.59
Orange Juice,0.46
Orange Peel,0.97
Orange Sauce,1.79
Orange Soda,0.48
Orecchiette,3.7
Oregano,2.65
Organic Yogurt,0.75
Orzo,3.57
Ostrich,1.45
Ostrich Meat,1.45
Otak anak sapi,1.36
Otak Babi,1.38
Otak Sapi,1.96
Otot,3.09
Oven-Roasted Turkey Breast,1.04
Oxtail Soup,0.28
Pabst Blue Ribbon,0.41
Paczki,3.36
Pad Thai,1.5
Paella,1.56
Paha Atas Ayam,2.29
Paha ayam,1.85
Paha Kalkun,2.08
Pai,2.37
Pai apel,2.37
Pai berisi buah ceri,2.6
Pai blueberry,2.32
Pai Cokelat Mousse,2.6
Pai jeruk nipis,3.59
Pai Jeruk Nipis Kunci Yoplait,1
Pai Kemiri,4.07
pai krim cokelat,3.04
Pai Krim Yoplait Boston,0.9
Pai labu,2.43
Pai Lemon Meringue,2.68
Pai Panci Ayam,2.23
Pai Persik,2.23
Pai Pondok,1.39
Pai Raspberry,2.4
Pai stroberi rhubarb,2.81
Pai Ubi,2.6
Pala,5.25
Pale Ale,0.42
Palm Kernel Oil,8.82
Palm Oil,8.82
Pan de Sal,2.93
Pancake,2.27
Pancake Kentang,2.68
Pandesal,2.93
Panekuk,2.27
Panettone,3.6
Panggang Makan Malam,1.98
Pangsit,1.24
Pangsit Kentang,1.24
Pangsit Sumsum,4.24
Pankreas Daging Sapi,2.71
Papaya,0.43
Papaya Juice,0.58
Paprika,2.82
Paprika Merah,2.51
Paratha,3.25
Parma Ham,3.45
Parmesan,4.31
Parrot fish,1.286
Parsley,0.36
Parsnip,0.75
Parsnips,0.75
paru anak sapi,1.04
Paru-Paru Babi,0.99
Paru-paru Sapi,1.2
Parutan kelapa,4.56
Parutan Parmesan,4.31
Passion Fruit,0.97
Passion Fruit Juice,0.48
Pasta Kari Thailand,1.55
Pasta Rendah Karbohidrat,2.82
Pasta Tomat,0.82
Pasta Wijen,5.95
Pastrami,1.33
P�t� (720), Pate,3.19
Pati,3.81
Patty Daging Sapi,2.47
Pavlova,2.94
PayDay,4.62
Payudara Sapi,2.82
Pea Soup,0.75
Peach,0.39
Peach Cobbler,0.65
Peach Juice,0.54
Peach Nectar,0.54
Peach Pie,2.23
Peach Yogurt,0.97
Peanut Bar,5.33
Peanut Brittle,1.83
Peanut Butter,5.89
Peanut Butter Bars,3.79
Peanut Butter Cookies,4.75
Peanut Butter Sandwich,4.08
Peanut Butter Toast Crunch,4.31
Peanut Oil,8.57
Peanuts,5.67
Pear,0.57
Pear Juice,0.6
Pear Nectar,0.6
Pearl Barley,3.52
Peas,0.42
Pecan,6.91
Pecan Nuts,6.91
Pecan Pie,4.07
Pecans,6.91
Pecorino,3.87
Pegar,2.39
Peking Duck,2.25
Pelangi ganda,2.57
Pemanis,3.6
Pengawetan Stroberi,2.78
Pengendara Babi,2.43
Penghancur,3.51
Pengisi perut,2.33
Penne,3.51
Penne Rigate,3.7
Penyebaran Keju,2.9
Pepaya,0.43
Peperoni,4.94
Pepper,2.51
Pepper Cheese,1
Peppermint bark,5
Peppermint Extract,0
Pepperoni,4.94
Pepperoni Pizza,2.55
Pepsi,0.44
Perekat,3.7
Perkelahian,0.21
Permen apel,1.52
Permen benang,4
Permen jagung,3.6
Permen kapas,6.43
Permen tongkat,4.23
Perputaran apel,3.48
Persik,0.39
Persimmon,1.27
Perut Ayam,1.48
Perut babi,5.18
Perut Turki,1.48
Pesto,4.58
Pesto Cream Cheese,3.42
Peter Pan Peanut Butter,6.09
Peterseli,0.36
Pez,4.27
Pheasant,2.39
Pheasant Breast,1.33
Pheasant Leg,2.39
Pheasant Meat,2.39
Philadelphia Cream Cheese,3.42
Philly Cheese Steak,2.5
Physalis,0.49
Pibb Xtra,0.4
Pickerel,1.11
Pickled Herring,2.62
Pide,2.68
Pie,2.37
Pie daging,2.42
Pie stroberi,2.3
Pie Talas,2.45
Pierogi,2
Pig Brain,1.38
Pig Ear,1.66
Pig Fat,6.38
Pig Heart,1.48
Pig Kidney,1.51
Pig Lung,0.99
Pig�s Tail,3.96
Pig�s Trotter,2.43
Pigeon,1.42
Pike,1.13
Pili Nuts,7.19
Pilihan Sehat,1.25
Pilsner,0.43
Pimento Loaf,2.65
Pine Nuts,6.73
Pineapple,0.5
Pineapple Cream Cheese,3.42
Pineapple Juice,0.53
Pineapple Orange Juice,0.5
Pineapple Upside-Down Cake,3.19
Pink Grapefruit,0.42
Pinot Gris,0.83
Pinot Noir,0.75
Pinto Beans,3.47
Pir,0.57
Pir Asia,0.42
Pir Nektar,0.6
pisang,0.89
Pisang Raja,1.22
Pisang Stroberi Yoplait,1
Pistachios,5.62
Pita Bread,2.75
Pizza,2.67
Pizza ayam,1.41
Pizza Ayam Barbekyu,2.34
Pizza Barbekyu,2.24
Pizza Bayam,2.34
Pizza Bianca,2.46
Pizza Calabrese,2.35
Pizza Capricciosa,2.6
Pizza Daging Sapi,3.04
Pizza Dough,2.28
Pizza Feta Bayam,2.42
Pizza Gaya New York,1.69
Pizza Gulung,2.47
Pizza Hawaii,1.15
Pizza Hidangan Dalam,2.65
Pizza Hut Stuffed Crust Pizza,2.55
Pizza Hut Supreme Pizza,2.48
Pizza jamur,2.12
Pizza keju,2.67
Pizza keju kambing,2.19
Pizza Kerak Isi,2.55
Pizza Kerak Tipis,2.61
Pizza Lada Merah,1.92
Pizza Makanan Laut,2.45
pizza mozzarella,2.49
Pizza Napoli,2.02
Pizza panggang,2.26
Pizza pepperoni,2.55
Pizza putih,2.46
Pizza Rolls,2.47
Pizza Sayuran,2.56
Pizza Sisilia,2.41
Pizza Sosis,2.46
Pizza Steak Keju Dominos Philly,2.24
Pizza Tuna,2.54
Pizza udang,2.09
Pizza Vegetarian,2.56
Plaice,0.91
Plain Yogurt,0.61
Plantain,1.22
Plantains,1.22
Plum,0.46
Plum Cake,1.09
Plum Jam,2.5
Plum Juice,0.71
Plum kering,1.07
Plum Wine,1.63
Polenta,3.66
Polish Sausage,3.01
Pollack,1.11
Pomegranate,0.83
Pomegranate Juice,0.66
Pomelo,0.38
Pondok keju,0.98
Pop jagung,3.77
Pop Rocks,3.58
Popcorn,5.82
popcorn karamel,3.76
Poppy Seed,5.25
Poppy Seed Oil,8.84
Poppy Seeds,5.25
Poppy-Seed Cake,3.94
Pork,1.96
Pork Baby Back Ribs,2.12
Pork Bacon,4.07
Pork Belly,5.18
Pork Blade Steak,2.32
Pork Chop,2.25
Pork Chops,1.96
Pork Country-Style Ribs,2.47
Pork Crown Roast,2.12
Pork Cutlet,1.31
Pork Cutlets,1.31
Pork Leg,2.01
Pork Liver,1.65
Pork Loin,2.04
Pork Meatloaf,2.43
Pork Melt,2.19
Pork Ragout,0.73
Pork Rib Roast,1.59
Pork Ribs,2.92
Pork Roast,2.47
Pork Roll,3.02
Pork Sausage,3.39
Pork Shank,1.72
Pork Shoulder,2.69
Pork Shoulder Blade,2.32
Pork Steaks,1.96
Pork Stomach,2.5
Pork Tongue,2.71
Port Wine,1.6
Porter,0.54
Porterhouse Steak,2.47
Post Abon Gandum,3.47
Post Raisin Bran,3.22
Post Shredded Wheat,3.47
Potato,0.77
Potato Bread,2.66
Potato Dumpling,1.24
Potato Fritter,1.85
Potato Gratin,1.32
Potato Pancakes,2.68
Potato Salad,1.43
Potato Soup,0.8
Potato Starch,3.31
Potato Sticks,5.22
Potato Waffles,1.67
Potato Wedges,1.23
Potatoes au Gratin,1.32
Potongan Daging Babi,2.25
Potongan Kalkun,1.89
Poularde,2
Poultry Seasoning,3.07
Pound Cake,3.9
Poutine,2.27
Powdered Milk,4.96
Powdered Sugar,3.89
Powerade,0.16
Prawn Crackers,5.27
Prem,0.46
Pretzel,3.38
Pretzel Roll,3.38
Pretzel Sticks,3.8
Prickly Pear,0.41
Probiotic Yogurt,0.8
Profiterol,3.34
Profiterole,3.34
Prosciutto,1.95
Prosecco,0.66
Protein Kedelai Bertekstur,5.71
Protein Nabati Bertekstur,3.33
Protein Powder,4.11
Provolone,3.51
Puding beras,1.34
Puding Hitam,2.53
Puding karamel,1.45
Puding roti,1.53
Puding Semolina,0.67
Puding Yorkshire,5.53
Puff,3.67
Puff Gula,3.79
Puff Kakao,4
Puff Pastry,5.58
Puffed Rice,3.83
Puffed Wheat,3.67
Pulled Pork Sandwich,2.11
Pumpernickel,2.5
Pumpkin,0.26
Pumpkin Bread,2.98
Pumpkin Cheesecake,3.4
Pumpkin Pie,2.43
Pumpkin Pie Spice,3.42
Pumpkin Seed Oil,8.8
Pumpkin Seeds,5.6
Pumpkin Soup,0.29
Pure Tomat,0.38
Purple Majesty Potatoes,0.72
Putaran Tanah,2.12
Putih Magnum,2.97
Putih telur,0.13
Putra Baconator Wendy,3.21
Puy Lentil,3.45
Puy Lentils,3.45
Quail,2.27
Quail Breast,1.23
Quaker Grit,3.44
Quaker Grits,3.44
Quaker Oatmeal,3.75
Quaker Oatmeal Squares,4
Quark,1.45
Quattro Formaggi Pizza,2.48
Quince,0.57
Quinoa,3.68
Rabbit,1.97
Rack of Pork,2.41
Raclette Cheese,3.57
Racoon,2.55
Racoon Meat,2.55
Radish Seeds,0.43
Radishes,0.16
Ragi (kering),3.25
Ragout babi,0.73
Raisin Bran,3.22
Raisin Bran Crunch,3.55
Raisin Bread,2.74
Raisin Nut Bran,3.67
Raisins,4.74
Rajma,1.4
Rak Daging Babi,2.41
Rakun,2.55
Ramah Bunga Elder,0.29
Rambutan,0.82
Ramen,4.47
Ramen Instan,4.36
Ranch Dressing,5.1
Rapuh,5.92
Rasa Madu,3.7
Raspberi,0.52
Raspberries,0.52
Raspberry Pie,2.4
Ravioli,2.03
Ready Brek,3.59
Real Butter,7.2
Rebung Bambu,0.27
Red Beans,1.24
Red Cabbage,0.31
Red Gold Potatoes,0.89
Red Kidney Bean,3.37
Red Lentils,3.29
Red Pepper,2.51
Red Pepper Pizza,1.92
Red Potatoes,0.89
Red Snapper,1.28
Red Velvet Cake,3.67
Red Wine,0.85
Red Wine Vinegar,0.19
Redbridge (Gluten-free),0.45
Redfish,0.94
Reese Selai Kacang,5.36
Reeses Peanut Butter Cups,5.36
Refried Beans,0.91
Reindeer,2
Reindeer Meat,2
Remis,1.72
Remoulade Sauce,6.35
Rempeyek,1.83
Renyah dedak kismis,3.55
Renyah kue,4
Renyah Roti Panggang Selai Kacang,4.31
Reuben Sandwich,2.08
Rhea,1.6
Rhubarb,0.21
Rhubarb Pie,2.45
Rib Eye Steak,2.17
Rice Bran Oil,8.89
Rice Chex,3.87
Rice Krispies,3.94
Rice Milk,0.49
Rice Pudding,1.34
Ricotta,1.74
Riesling,0.8
Riesling Wine,0.8
Rigatoni,3.53
Ring Bologna,2.86
Roast Beef,1.87
Roast Dinner,1.98
Roasted Almonds,4.52
Roasted Soybeans,4.71
Rock Sugar,6.25
Rocky Road Ice Cream,2.57
Rok Steak,2.05
Roll,3.16
Rolled Oats,3.84
Rolling Rock,0.37
Rolling Rock Light,0.3
Rollmop,1.71
Rollmops,1.71
Rolo,4.74
Romano,3.87
Root Beer,0.41
Roquefort,3.69
Rose Wine,0.71
Rosemary,1.31
Rosemary Potatoes,0.93
R�sti,1.38
Roti,2.64
Roti bakar,3.61
Roti bawang,3.5
Roti Belanda,2.68
Roti biasa,3.11
Roti Bir,2.27
Roti Coklat,2.46
Roti gandum,2.47
Roti gandum hitam,2.59
Roti hitam,2.5
Roti hot dog,2.79
Roti isi daging,2.41
roti Italia,2.71
roti jagung,1.79
roti jahe,3.56
Roti Kayu Manis,4.36
Roti kecil berisi sosis,3.5
Roti Kentang,2.66
roti kismis,2.74
Roti labu,2.98
Roti Matzo,3.51
roti monyet,2.9
Roti Multi-Gandum,2.65
Roti panggang,4.1
Roti Panggang Kayu Manis,4.33
Roti penghuni pertama,2.89
Roti Pimento,2.65
Roti pisang,3.26
Roti Pisang Kacang,3.26
Roti Pita,2.75
Roti putih,2.38
Roti Sandwich,2.51
roti soda,2.9
Roti Telur,1.96
Roti Tortila,2.65
roti zaitun,2.32
Rotini,3.53
Round Steak,1.82
Ruben Arby,2.08
Rum,2.31
Rum Cake,3.51
Rum Gelap,2.16
Rump Steak,1.71
Rusa besar,1.34
Rusa kutub,2
Rusk,4.1
Russet Potatoes,0.97
Russian Banana Potatoes,0.67
Russian Dressing,4
Rutabaga,0.38
Rye Bran,2.81
Rye Bread,2.59
S�mores,5
Sabar,4.5
Sacher Torte,3.52
Safflower Oil,8.57
Safflower Seeds,5.17
Saffron,3.1
Sage,3.15
Sago,3.54
Sagu,3.54
Sajikan Lembut,2.22
Salad Ayam Bakar,0.88
Salad buah,0.5
salad Cobb,1.18
Salad Dressing,4.49
Salad kentang,1.43
Salad tuna,1.87
Salam Pizza,2.55
Salami,3.36
Salami Pizza,2.55
Salmon,2.06
Salmon asap,1.58
Salmon Cream Cheese,3.42
Salmon Oil,9.11
Salt,0
Salt Meat,2.86
Salt Pork,2.86
Salted Butter,7.17
Sambal Oelek,0.21
Sambuca,3.33
Samosa,2.14
sampanye,0.75
Samuel Adams,0.45
Sandung lamur daging sapi,1.37
Sandwich,3.04
Sandwich ayam,2.41
Sandwich Ayam Teriyaki,1.38
Sandwich Bakso,1.61
Sandwich Bread,2.51
Sandwich Cheese,1.48
Sandwich Daging Babi yang Ditarik,2.11
Sandwich Es Krim,2.37
Sandwich Ham dan Keju,2.41
Sandwich Ikan,2.73
Sandwich Ikan Burger King Premium Alaska,2.59
Sandwich Keju,1.48
Sandwich keju bakar,2.88
Sandwich klub kereta bawah tanah,1.31
Sandwich Selai Kacang,4.08
Sanggul,3.16
Sangria,0.96
Santan,2.33
Saos Tomat,1
Sapi panggang,1.87
Sapodilla,0.83
Sarang madu,3.97
Sarden,2.08
Sardine Oil,9.02
Sardines,2.08
Sauerkraut Juice,0.14
Saus Ajvar,0.18
saus apel,0.68
Saus Arrabiata,0.36
Saus Asam manis,1.79
Saus barbekyu,1.5
Saus Bearnaise,4.14
Saus behamel,2.25
Saus Bolognese,1.06
Saus Chasseur,0.45
Saus Hamburger,3.83
Saus Harissa,0.52
Saus Hollandaise,5.35
Saus Italia Zesty,2.67
Saus kari,0.26
Saus Keju biru,5.33
Saus krim,1.8
Saus Krim Asam,0.6
Saus Lobak Pedas,0.48
Saus Mustard,6.45
saus mustard madu,4.64
Saus Orange,1.79
Saus Pesto,4.58
Saus Prancis,0.6
Saus Remoulade,6.35
Saus Rusia,4
Saus Salad,4.49
Saus Sambal,1.12
Saus Sosis,1.57
Saus Tabasco,0.7
Saus Teriyaki,0.89
Saus Tomat,0.24
Saus Tzatziki,0.94
Saus Yoghurt,0.45
Sausage,2.3
Sausage Pizza,2.46
Sausage Roll,3.5
Sausage Rolls,2.97
Sauvignon Blanc,0.81
Savory,2.72
Savoury Biscuits,3.47
Sawi hijau,0.27
Sawi putih,0.16
Sayap ayam,3.24
Sayap Kalkun,2.21
Sayap Perkasa McDonald,3.08
Sayap Turki,2.21
Scallops,1.11
Scampi,0.84
Schnitzel,1.56
Schwan�s,2.46
Schweppes Ginger Ale,0.38
Scone,3.62
Scooters,3.67
Scotch,2.22
Scotch Broth,0.33
Sea Bass,1.24
Sea Salt,0
Seafood Pizza,2.45
Sejenis sawi,0.28
selada,0.32
Selai Almond,6.14
Selai Apel,1.73
Selai Aprikot,2.5
Selai Blackberry,2.5
Selai Blackcurrant,2.5
Selai Blueberry,2.5
Selai Ceri,2.5
Selai Chocolate Philadelphia,2.87
Selai Coklat,5.41
Selai Jeli Stroberi,2.5
Selai Kacang,5.89
Selai Keju,2.9
Selai Plum,2.5
Selai Stroberi,2.5
Selai Zaitun,5.5
Seledri,0.16
Semangka,0.3
Semi-skimmed Milk,0.5
Semolina,3.4
Semolina Flour,3.5
Semolina Gandum,3.6
Semolina Gandum Durum,3.97
Semolina Pudding,0.67
Serai,0.99
Serat Satu,2.67
Sereal jagung,3.57
Serpihan beku,3.67
Serpihan dedak,3.56
Serpihan jagung Kelloggs,3.57
Serrano Ham,3
Serrano Pepper,0.32
Sesame Ginger Dressing,4.64
Sesame Oil,8.84
Sesame Paste,5.95
Sesame Seeds,5.73
Setelah Delapan,4.52
Shad,2.52
Shallots,0.72
Shark,1.3
Shea Oil,8.84
Sheep Cheese,3.64
Shells,3.53
Shepherds Pie,0.7
Sherry,1.16
Shirataki Noodles,0.18
Shiraz,0.71
Shock Top,0.47
Shock Top Raspberry Wheat,0.5
Shortbread,5.02
Shortcrust Pastry,5.44
Shortening Sayuran,8.84
Shredded Coconut,5.01
Shredded Wheat,3.4
Shreddies,3.51
Shrimp Cocktail,4.64
Shrimp Pizza,2.09
Siap Breksi,3.59
Sicilian Pizza,2.41
Sierra Nevada Strong,0.62
Silken Tofu,0.55
Singkong,1.6
Sirloin daging rusa,1.58
Sirloin Daging Sapi,1.82
Sirup agave,3.1
Sirup glukosa,3.87
Sirup jagung,2.81
Sirup maple,2.7
Skim Milk,0.35
Skim Milk Yogurt,0.56
Skippy Peanut Butter,5.94
Skirt Steak,2.05
Skittles,4.05
Skuter,3.67
Sloe Gin,3.32
Sloppy Joe,0.71
Slurpee,0.04
Slush Puppie,0.5
Smart Start,3.71
Smarties,3.57
Smarties McFlurry,1.98
Smoked Almonds,5.75
Smoked Cheese,4.1
Smoked Ham,1.07
Smoked Salmon,1.58
Smoked Sausage,3.01
Smoked Turkey Breast,1.04
Smoothie,0.37
Smoothies,0.37
Smores,5
Smuckers Strawberry Jam,2.5
Snickers,4.84
Snickers Ice Cream,3.6
Soba,3.43
Soda,0.53
Soda Bread,2.9
Soda orange,0.48
Soft Cheese,2.68
Soft Serve,2.22
Soft Tofu,0.61
Solero,1
SOP buntut,1.71
Sorbitol,3.75
Sosis,2.3
Sosis Ayam,1.72
Sosis Ayam Belfoods,1.73
Sosis Ayam So Good,1.6
Sosis babi,3.39
Sosis Babi Gulung,3.02
Sosis Bacon,4.07
Sosis Bockwurst,3.01
Sosis Bologna,2.47
Sosis Boudin,1.94
Sosis Bratwurst,2.97
Sosis Brawn,1.57
Sosis Chorizo,4.55
Sosis Cincin Bologna,2.86
Sosis Cooked Ham,1.33
Sosis Cumberland,2.5
Sosis Dada ayam,0.79
Sosis Daging Ayam,0.79
Sosis Daging Kornet,1.53
Sosis Darah,3.79
Sosis Frankfurters,3.05
Sosis Ham,1.64
Sosis Ham Rebus,1.04
Sosis Hot Dogs,2.78
Sosis Italia,1.49
Sosis Jerky,4.1
Sosis Kielbasa,3.09
Sosis Kimbo Ayam,1.67
Sosis Kimbo Bratwurst,1.2
Sosis Kimbo Sapi,1.3
Sosis Knackwurst,3.07
Sosis Kue Keju,3.74
Sosis Landjaeger,3.52
Sosis Linguica,2.82
Sosis Liverwurst,3.26
Sosis Luncheon Meat,1.17
Sosis Mettwurst,3.1
Sosis Mortadella,3.11
Sosis musim panas,2.98
Sosis Pastrami,1.33
Sosis Polandia (Kielbasa),3.01
Sosis Prosciutto,1.95
Sosis salad ayam,0.81
Sosis Salami,3.36
Sosis Sapi ,3.24
Sosis Sapi So Good,2.2
Sosis Sio Nice Sapi,2.2
Sosis So Nice Sapi,2.2
Sosis Spam,3.15
Sosis Weisswurst,3.13
Sosis yang diasap,3.01
Souffle,2.04
Souffl�,2.04
Sour Cream,1.81
Sour Cream Sauce,0.6
Sour Patch Kids,3.63
Sourdough Bread,2.89
Soursop Fruit,0.66
Souse,1.57
Southern Comfort,2.47
Soy Beans,1.47
Soy Cheese,2.35
Soy Mayonnaise,3.22
Soy Milk,0.41
Soy Noodles,2.16
Soy Nut Butter,5.62
Soy Nuts,4.71
Soy Oil,8.82
Soy Protein Powder,3.38
Soy Sauce,0.67
Soy Yogurt,0.66
Soya Cheese,2.35
Soybean Oil,8.89
Soybeans,1.47
Soynut Butter,5.62
Spaetzle,3.68
spageti,3.7
Spageti Gandum Utuh,3.51
Spaghetti,3.7
Spaghetti Bolognese,1.32
Spam,3.15
Spanakopita,2.46
Spare Ribs,2.38
Sparkling Wine,1.9
Sparks,0.74
Special K,3.77
Special K Chocolatey Delight,3.88
Special K Protein Plus,3.75
Special K Red Berries,3.45
Speculoo,4.69
Speculoos,4.69
Spelt,3.38
Spelt Bran,1.77
Spelt Semolina,3.6
Spice Cake,3.32
Spicy Italian,2.19
Spinach,0.23
Spinach Feta Pizza,2.42
Spinach Pizza,2.34
Spinach Tortellini,3.14
Spirelli,3.67
Sponge Cake,2.89
Spring Roll,2.5
Sprinkles,5
Sprite,0.37
Sprite Lemon Lime,0.18
Sprite Watermelon,0.24
Sprite Zero,0
Spritz Cookies,5
Squash,0.45
Squid,0.92
Squirrel,1.73
Squirrel Meat,1.73
Squirt,0.44
St. Pauli Girl,0.42
Standing Rib Roast,3.33
Star Fruit,0.31
Starch,3.81
Starfruit,0.31
Steak babi,1.96
Steak Besi Datar,1.37
Steak Bulat,1.82
Steak Daging Babi,2.32
Steak Jalur New York,1.99
Steak kedai bir,2.47
Steak Keju Philly,2.5
Steak Menit Daging Sapi,1.33
Steak potong dadu,1.99
Steak sayap,1.94
Steak Turki,1.89
Steel Reserve,0.63
Stevia,0
Stew Beef,1.91
stik ayam goreng,1.51
Stik drum,2.55
Stik ikan,2.9
Stik Kalkun,1.89
Stik pretzel,3.8
Stilton Cheese,3.93
Stout,0.51
Stout Beer,0.51
Stracciatella Yogurt,1.39
Strawberries,0.32
Strawberry Cheesecake,3.27
Strawberry Ice Cream,2.36
Strawberry Jam,2.5
Strawberry Jelly,2.5
Strawberry Milkshake,1.13
Strawberry Pie,2.3
Strawberry Preserves,2.78
Strawberry Rhubarb Pie,2.81
Strawberry Sundae,1.58
Strawberry Yogurt,1
String Cheese,2.5
Strip Steak,1.17
Stroberi,0.32
Stroberi Yoplait,1
Strong Beer,0.55
Strudel apel,2.74
Stuffed Crust Pizza,2.55
Sturgeon,1.35
Subway Club Sandwich,1.31
Succotash,1.15
Sucrose,3.87
Suet Daging Sapi,8.54
Sugar,4.05
Sugar Peas,0.42
Sugar Puffs,3.79
Sukrosa,3.87
Summer Sausage,2.98
Sunbutter,6.17
Sunda stroberi,1.58
Sundae,2.15
Sundae Fudge Panas,1.86
Sunflower Butter,6.17
Sunflower Oil,8.84
Sunflower Seeds,1.17
Sunkist,0.25
Sup Bakso,0.49
Sup Bawang,0.23
Sup Bawang Prancis,0.23
Sup Bisque Lobster,1
Sup Brokoli,0.87
Sup Buntut,0.28
Sup Daging,0.33
Sup Daging Sayuran,0.31
Sup Ercis,0.75
Sup Golden Mushroom,0.65
Sup Gumbo Ayam,0.23
Sup Jahe Wortel,0.25
Sup Jamur,0.35
Sup kacang,0.75
Sup Kacang Rebus,1.33
Sup Kaldu,0.16
Sup Kaldu Daging Sapi,0.03
Sup Kedelai Jepang,1.99
Sup keju Brokoli,0.87
Sup Kentang,0.8
Sup krim Asparagus,0.35
Sup Krim ayam,0.48
Sup Krim Bawang,0.44
Sup Krim brokoli,0.45
Sup Krim jamur,0.39
Sup Krim kentang,0.3
Sup Krim Mie Ayan,0.23
Sup Krim seledri,0.37
Sup Kubis,0.28
Sup Labu,0.29
Sup Lentil,0.56
Sup Mie Ayam,0.25
Sup Mie Daging Sapi,0.34
Sup Nasi Tomat,0.47
Sup Sayur Ayam,0.31
Sup Sayuran,0.28
Sup Thailand,0.6
Sup Tomat,0.3
Sup Wortel,0.25
Surge,0.48
Sushi,1.5
Susu,0.61
Susu almon,0.17
Susu bebas laktosa,0.52
Susu bubuk,4.96
Susu cokelat,0.89
Susu Evaporasi,1.34
Susu kambing,0.69
Susu kedelai,0.41
Susu kental,3.21
Susu kental manis,3.21
Susu kocok,3.29
susu kocok stroberi,1.13
Susu Malt,4.05
Susu Mini,1.2
Susu Semi Skim,0.5
Susu Skim,0.35
Sweet and Sour Sauce,1.79
Sweet Chestnut,1.94
Sweet Peas,0.48
Sweet Potato,0.92
Sweet Potato Pie,2.6
Sweet Red Wine,0.81
Sweet Rolls,3.33
Sweet White Wine,0.82
Sweet Wines,0.83
Sweetened Condensed Milk,3.21
Sweetener,3.6
Swiss Cheese,3.8
Swiss Roll,4.39
Swordfish,1.72
TaB,0
Tabasco,0.7
Taburan,5
Taburan Cokelat,5
Taco,2.17
Tagliatelle,3.7
Tahu,0.76
Tahu Ekstra Keras,0.91
Tahu Goreng,2.71
Tahu keras,0.7
Tahu Lembut,0.61
Tahu sutra,0.55
Take 5,4.76
Talas,1.12
Tamarind,2.39
Tanaman,1.22
Tandoori Chicken,1.13
Tang,3.81
Tangerine,0.53
Tangerine Juice,0.43
Tap Water,0
Tapenade,2.33
Taro,1.12
Tarragon,2.95
Tarte Flamb�e,2.53
Tarte Tatin,2.1
Tauge,0.3
T-Bone Steak,2.02
T-Bone-Steak,2.21
Tea,0.01
teh,0.01
Teh Chai,0
Teh Chamomile,0
Teh jahe,0
Telinga Babi,1.66
telur,0.97
Telur Bebek,1.85
Telur Iblis,2.01
Telur McMuffi McDonald,2.25
Telur Nog,0.88
Teman Klub,0.3
Teman Yerba,0.62
Tempe,1.93
Tepung,3.64
Tepung gandum,3.4
Tepung jagung,3.61
Tepung Kentang,3.31
Tepung kue,3.62
Tepung millet,3.72
Tepung roti,3.61
Tepung semolina,3.5
Tepung serbaguna,3.64
Tequila,1.1
Teriyaki Sauce,0.89
Terkekeh,4.84
Terong,0.25
Textured Soy Protein,5.71
Textured Vegetable Protein,3.33
Thai Curry Paste,1.55
Thai Soup,0.6
Thin Crust Pizza,2.61
Thyme,2.76
Tiga sec,1.53
Tilsit,3.4
Tilt,0.64
Timun,0.16
Timun Jepang,0.17
Timus Daging Sapi,3.19
Tiramisu,2.83
Tiramisu Cake,2.91
Toast,2.61
Toasties,3.61
Toblerone,5.25
Tofu,0.76
Tomat,0.18
Tomat ceri,1
Tomato,0.18
Tomato Juice,0.17
Tomato Paste,0.82
Tomato Puree,0.38
Tomato Rice Soup,0.47
Tomato Sauce,0.24
Tomato Seed Oil,8.84
Tomato Soup,0.3
Tombak,1.13
Tongue,2.84
Tonic Water,0.35
Tortelini keju,2.91
Tortellini,2.91
Tortellini bayam,3.14
Tortila,2.37
Tortilla,2.37
Tortilla Bread,2.65
Tortilla Chips,4.99
Tortilla Wrap,2.71
Treacle Tart,3.69
Tres Leches Cake,2.46
Trifle,1.8
Triggerfish,0.93
Triple Sec,1.53
Trix,4
Trout,1.9
Tukang Persik,0.65
Tulang rusuk babi,3.17
Tuna,0.86
Tuna Pizza,2.54
Tuna Salad,1.87
Tupai,1.73
Turbot,1.22
Turkey,1.04
Turkey Breast,1.04
Turkey Cutlet,1.89
Turkey Drumsticks,2.08
Turkey Giblets,1.73
Turkey Ham,1.26
Turkey Heart,1.74
Turkey Hill,2.71
Turkey Legs,2.08
Turkey Liver,1.89
Turkey Salami,1.52
Turkey Steak,1.89
Turkey Stomach,1.48
Turkey Wings,2.21
Turki,1.04
Turki Salami,1.52
Turmeric,3.54
Turnip Greens,0.2
Turnips,0.28
Twix,4.95
Tzatziki,1.17
Ubi,0.75
Ubi bit merah,0.43
Ubi jalar,0.92
Ubi Jalar Jepang,0.87
Ubi Rambat,1.16
Udang goreng,2.77
Udang karang,0.87
Unsalted Butter,7.17
Vanilla Bean,2.5
Vanilla Coke,0.45
Vanilla Cone,1.62
Vanilla Extract,2.88
Vanilla Ice Cream,2.01
Vanilla Milkshake,1.49
Vanilla Sugar,3.57
Vanilla Yogurt,1.01
Veal,2.82
Veal Breast,2.82
Veal Heart,1.86
Veal Kidney,1.63
Veal Leg,2.11
Veal Roast Beef,1.75
Veal Shank,1.77
Veal Shoulder,1.83
Veal Sirloin,2.04
Veal Tenderloin,2.17
Veal Tongue,2.02
Vegemite,1.8
Vegetable Beef Soup,0.31
Vegetable Broth,0.05
Vegetable Cream Cheese,3.42
Vegetable Juice,0.21
Vegetable Oil,8.84
Vegetable Pizza,2.56
Vegetable Shortening,8.84
Vegetable Soup,0.28
Vegetable Stock,0.05
Vegetarian Pizza,2.56
Veggie Burger,1.81
Veggie Delight,1.38
Veggie Patty,3.9
Veggie Pizza,2.31
Venison,1.64
Venison Sirloin,1.58
Vermicelli,3.68
Vermouth,1.3
Victoria Sponge Cake,2.57
Vinaigrette,1.2
Vinegar,0.18
Vodka,2.31
Volvic,0
wafel,3.12
Wafel Jagung,2.74
Wafel Kentang,1.67
Waffles,3.12
Wah,1.67
Wahoo,1.67
Walnut Cream Cheese,3.42
Walnut Oil,8.89
Walnuts,1.31
Wasabi,1.09
Water,0
Watermelon,0.3
Wedding Cake,3.81
Wedding Soup,0.53
Weetabix,3.58
Weet-Bix,3.53
Weetos,3.78
Weisswurst,3.13
Wendy�s Baconator,3.04
Wendy�s Jr. Bacon Cheeseburger,2.61
Wendy�s Jr. Cheeseburger,2.25
Wendy�s Son of Baconator,3.21
Wheat Beer,0.45
Wheat Bran,2.16
Wheat Germ,3.82
Wheat Germ Oil,9.29
Wheat Gluten,3.25
Wheat Semolina,3.6
Wheat Starch,3.51
Wheaties,3.67
Whipped Cream,2.57
Whisky,2.5
White American,1.48
White Beans,3.36
White Bread,2.38
White Cheddar,4.03
White Grape Juice,0.75
White Pepper,2.96
White Pizza,2.46
White Potatoes,0.94
White Wine,0.82
White Zinfandel,0.88
Whitefish,1.72
Whiting,1.16
Whole Grain Noodles,3.47
Whole Grain Spaghetti,3.51
Whole Grain Wheat,3.39
Whole Milk,0.61
Whole Wheat Bread,2.47
Whole Wheat Flour,3.4
Wholegrain Oat,3.75
Whoopie Pie,4
Whopper,2.31
Wild Boar,1.6
Wild Boar Meat,1.6
Wild Duck,2.11
Wild Honey,2.86
Wine,0.83
Winter Squash,0.34
Wisconsin Cheese,3.89
wiski,2.5
Wiski Irlandia,2.33
Wiski Kanada,2.16
Worcestershire Sauce,0.78
Wortel,0.41
Xylitol,2.4
Yam,1.18
Yam Bean,0.38
Yams,1.16
Yeast (dry),3.25
Yellow Lentils,3.04
Yellow Tail Wine,0.71
Yerba Mate,0.62
Yoghurt blueberry,1.05
Yoghurt Buah,0.97
Yoghurt ceri,0.97
Yoghurt Cokelat,1.28
Yoghurt Kedelai,0.66
Yoghurt Krim,1.24
Yoghurt Lidah Buaya,0.85
Yoghurt Mocca,1
Yoghurt Organik,0.75
Yoghurt Persik,0.97
Yoghurt Probiotik,0.8
Yoghurt Stroberi,1
Yoghurt Susu Skim,0.56
Yogurt,0.61
Yogurt Corner,1.19
Yogurt Dressing,0.45
Yogurt hambar,0.61
Yogurt rendah lemak,0.63
Yogurt vanila,1.01
Yoplait Boston Cream Pie,0.9
Yoplait French Vanilla,1
Yoplait Greek Bluberi,1
Yoplait Greek Blueberry,1
Yoplait Greek Coconut,1
Yoplait Greek Kelapa,1
Yoplait Greek Strawberry,1
Yoplait Greek Stroberi,1
Yoplait Greek Vanilla,1
Yoplait Harvest Peach,1
Yoplait Key Lime Pie,1
Yoplait Mango,1
Yoplait Mixed Berry,1
Yoplait Pina Colada,1
Yoplait Strawberry,1
Yoplait Strawberry Banana,1
Yoplait Strawberry Cheesecake,1
Yorkshire Pudding,5.53
Young Gouda,3.56
Yuba,1.76
Yukon Gold Potatoes,0.82
Zaitun,1.15
Zaitun hijau,1.15
Zaitun Hitam,1.15
Zander,0.84
Zesty Italian Dressing,2.67
Zinfandel,0.88
Zinfandel Putih,0.88
Zinger,2.56
Zinger Burger,2.56
Ziti,3.52
Zucchini,0.17
cimol,2.22
cilok,2.66
cireng,3.48
Telur Gulung,1.57
kerupuk udang,5.41
kerupuk ikan,5.2
kerupuk kulit,4.22
kerupuk bawang,4.8
kerupuk mie,4.76
nasi,1.29
nasi merah,1.11
kangkung,0.19
petai,0.92
jengkol,1.92
ikan asin,1.93
es krim,2.07
ketan putih,1.3
ketan hitam,1.8
bubur,0.5
bubur sumsum,1.74
bubur kacang hijau,3.23
pempek,1.95
basreng,5.1
kripca,2.44
wajit,3.04
permen,3.94
dodol,3.91
rengginang,1.25
,
,
,
,
,
,
,
,
,
,
,
,
,
,
,
,
,
,
,
,
,
,
,
,
,
,
,
,
,
,
,
,
,
,
,
,
,
,
,
,
,
,
,
,
,
,
,
,
,
,
,
,
,
,
,
,
,
,
,
,
,
,
,
,
,
,
,
,
,
,
,
,
,
,
,
,
,
,
,
,
,
,
,
,
,
,
,
,
,
,
,
,
,
,
,
,
,
,
,
,
,
,
,
,
,
,
,
,
,
,
,
,
,
,
,
,
,
,
,
,
,
,
,
,
,
,
,
,
,
,
,
,
,
,
,
,
,
,
,
,
,
,
,
,
,
,
,
,
,
,
,
,
,
,
,
,
,
,
,
,
,
,
,
,
,
,
,
,
,
,
,
,
,
,
,
,
,
,
,
,
,
,
,
,
,
,
,
,
,
,
,
,
,
,
,
,
,
,
,
,
,
,
,
,
,
,
,
,
,
,
,
,
,
,
,
,
,
,
,
,
,
,
,
,
,
,
,
,
,
,
,
,
,
,
,
,
,
,
,
,
,
,
,
,
,
,
,
,
,
,
,
,
,
,
,
,
,
,
,
,
,
,
,
,
,
,
,
,
,
,
,
,
,
,
,
,
,
,
,
,
,
,
,
,
,
,
,
,
,
,
,
,
,
,
,
,
,
,
,
,
,
,
,
,
,
,
,
,
,
,
,
,
,
,
,
,
,
,
,
,
,
,
,
,
,
,
,
,
,
,
,
,
,
,
,
,
,
,
,
,
,
,
,
,
,
,
,
,
,
,
,
,
,
,
,
,
,
,
,
,
,
,
,
,
,
,
,
,
,
,
,
,
,
,
,
,
,
,
,
,
,
,
,
,
,
,
,
,
,
,
,
,
,
,
,
,
,
,
,
,
,
,
,
,
,
,
,
,
,
,
,
,
,
,
,
,
,
,
,
,
,
,
,
,
,
,
,
,
,
,
,
,
,
,
,
,
,
,
,
,
,
,
,
,
,
,
,
,
,
,
,
,
,
,
,
,
,
,
,
,
,
,
,
,
,
,
,
,
,
,
,
,
,
,
,
,
,
,
,
,
,
,
,
,
,
,
,
,
,
,
,
,
,
,
,
,
,
,
,
,
,
,
,
,
,
,
,
,
,
,
,
,
,
,
,
,
,
,
,
,
,
,
,
,
,
,
,
,
,
,
,
,
,
,
,
,
,
,
,
,
,
,
,
,
,
,
,
,
,
,
,
,
,
,
,
,
,
,
,
,
,
,
,
,
,
,
,
,
,
,
,
,
,
,
,
,
,
,
,
,
,
,
,
,
,
,
,
,
,
,
,
,
,
,
,
,
,
,
,
,
,
,
,
,
,
,
,
,
,
,
,
,
,
,
,
,
,
,
,
,
,
,
,
,
,
,
,
,
,
,
,
,
,
,
,
,
,
,
,
,
,
,
,
,
,
,
,
,
,
,
,
,
,
,
,
,
,
,
,
,
,
,
,
,
,
,
,
,
,
,
,
,
,
,
,
,
,
,
,
,
,
,
,
,
,
,
,
,
,
,
,
,
,
,
,
,
,
,
,
,
,
,
,
,
,
,
,
,
,
,
,
,
,
,
,
,
,
,
,
,
,
,
,
,
,
,
,
,
,
,
,
,
,
,
,
,
,
,
,
,
,
,
,
,
,
,
,
,
,
,
,
,
,
,
,
,
,
,
,
,
,
,
,
,
,
,
,
,
,
,
,
,
,
,
,
,
,
,
,
,
,
,
,
,
,
,
,
,
,
,
,
,
,
,
,
,
,
,
,
,
,
,
,
,
,
,
,
,
,
,
,
,
,
,
,
,
,
,
,
,
,
,
,
,
,
,
,
,
,
,
,
,
,
,
,
,
,
,
,
,
,
,
,
,
,
,
,
,
,
,
,
,
,
,
,
,
,
,
,
,
,
,
,
,
,
,
,
,
,
,
,
,
,
,
,
,
,
,
,
,
,
,
,
,
,
,
,
,
,
,
,
,
,
,
,
,
,
,
,
,
,
,
,
,
,
,
,
,
,
,
,
,
,
,
,
,
,
,
,
,
,
,
,
,
,
,
,
,
,
,
,
,
,
,
,
,
,
,
,
,
,
,
,
,
,
,
,
,
,
,
,
,
,
,
,
,
,
,
,
,
,
,
,
,
,
,
,
,
,
,
,
,
,
,
,
,
,
,
,
,
,
,
,
,
,
,
,
,
,
,
,
,
,
,
,
,
,
,
,
,
,
,
,
,
,
,
,
,
,
,
,
,
,
,
,
,
,
,
,
,
,
,
,
,
,
,
,
,
,
,
,
,
,
,
,
